SONG,ALBUM,DATE,TRACK NO,DURATION M,DURATION S,TOTAL S,PLAYS,WORDCOUNT,UK CHART,LP,CS,CD,DL,DVD,COVER?,"FEATURE SONG? IDK, WHEN YOU HAVE A SINGLE FOR AN ALBUM",CHART IF SINGLE,LEMMY,LARRY WALLIS,LUCAS FOX,PHIL TAYLOR,EDDIE CLARKE,BRIAN ROBERTSON,PHIL CAMPBELL,MICHAEL BURSTON,PETE GILL,MIKKEY DEE,DADS BDAY,DADS AGE D,DADS AGE Y,LABEL,EXPLICIT?,MUSIC VIDEO?
Motorhead,Motorhead,8/21/1977,1,3.00,10,190,13643488,148,43,1,0,0,0,0,0,1,52,1,0,0,1,1,0,0,0,0,0,11/28/1969,"2,823.00",7.73,Chiswick,0.00,1.00
Vibrator,Motorhead,8/21/1977,2,3,36,216,2694303,276,43,1,0,0,0,0,0,0,,1,0,0,1,1,0,0,0,0,0,11/28/1969,"2,823.00",7.73,Chiswick,0.00,0.00
Lost Johnny,Motorhead,8/21/1977,3,4,13,253,2708237,251,43,1,0,0,0,0,0,0,,1,0,0,1,1,0,0,0,0,0,11/28/1969,"2,823.00",7.73,Chiswick,0.00,0.00
Iron Horse / Born to Lose,Motorhead,8/21/1977,4,5,20,320,3544719,157,43,1,0,0,0,0,0,0,,1,0,0,1,1,0,0,0,0,0,11/28/1969,"2,823.00",7.73,Chiswick,0.00,0.00
White Line Fever,Motorhead,8/21/1977,5,2,36,156,2500615,143,43,1,0,0,0,0,0,0,,1,0,0,1,1,0,0,0,0,0,11/28/1969,"2,823.00",7.73,Chiswick,0.00,0.00
Keep Us on the Road,Motorhead,8/21/1977,6,5,55,355,895889,126,43,1,0,0,0,0,0,0,,1,0,0,1,1,0,0,0,0,0,11/28/1969,"2,823.00",7.73,Chiswick,0.00,0.00
The Watcher,Motorhead,8/21/1977,7,4,26,266,2059275,115,43,1,0,0,0,0,0,0,,1,0,0,1,1,0,0,0,0,0,11/28/1969,"2,823.00",7.73,Chiswick,0.00,0.00
The Train Kept a Rollin',Motorhead,8/21/1977,8,3,15,195,908784,74,43,1,0,0,0,0,1,0,,1,0,0,1,1,0,0,0,0,0,11/28/1969,"2,823.00",7.73,Chiswick,0.00,0.00
Louie Louie,Single,8/25/1978,1,2,44,,8666725,165,68,1,0,0,0,0,1,1,68,1,0,0,1,1,0,0,0,0,0,11/28/1969,"3,192.00",8.75,NaN,0.00,0.00
Motorhead RM,On Parole,12/8/1979,1,2,49,169,841870,148,65,1,0,0,0,0,0,0,,1,1,0,1,1,0,0,0,0,0,11/28/1969,"3,662.00",10.03,United Artists,0.00,0.00
On Parole,On Parole,12/8/1979,2,5,37,337,347675,269,65,1,0,0,0,0,0,0,,1,1,0,1,1,0,0,0,0,0,11/28/1969,"3,662.00",10.03,United Artists,0.00,0.00
Vibrator RM,On Parole,12/8/1979,3,2,52,172,155949,276,65,1,0,0,0,0,0,0,,1,1,0,1,1,0,0,0,0,0,11/28/1969,"3,662.00",10.03,United Artists,0.00,0.00
Iron Horse / Born to Lose RM,On Parole,12/8/1979,4,5,14,314,324728,157,65,1,0,0,0,0,0,0,,1,1,0,1,1,0,0,0,0,0,11/28/1969,"3,662.00",10.03,United Artists,0.00,0.00
City Kids,On Parole,12/8/1979,5,3,43,223,414527,175,65,1,0,0,0,0,1,0,,1,1,0,1,1,0,0,0,0,0,11/28/1969,"3,662.00",10.03,United Artists,0.00,0.00
The Watcher RM,On Parole,12/8/1979,6,4,46,286,135532,115,65,1,0,0,0,0,0,0,,1,1,0,1,1,0,0,0,0,0,11/28/1969,"3,662.00",10.03,United Artists,0.00,0.00
Leaving Here,On Parole,12/8/1979,7,2,53,173,153505,142,65,1,0,0,0,0,0,0,,1,1,0,1,1,0,0,0,0,0,11/28/1969,"3,662.00",10.03,United Artists,0.00,0.00
Lost Johnny RM,On Parole,12/8/1979,8,3,30,210,181356,251,65,1,0,0,0,0,0,0,,1,1,1,1,1,0,0,0,0,0,11/28/1969,"3,662.00",10.03,United Artists,0.00,0.00
Fools,On Parole,12/8/1979,9,5,35,335,123798,232,65,1,0,0,0,0,0,0,,1,1,0,1,1,0,0,0,0,0,11/28/1969,"3,662.00",10.03,United Artists,0.00,0.00
Overkill,Overkill,3/24/1979,1,5,11,311,57155573,102,24,1,1,0,0,0,0,1,39,1,0,0,1,1,0,0,0,0,0,11/28/1969,"3,403.00",9.32,Bronze,0.00,1.00
Stay Clean,Overkill,3/24/1979,2,2,40,160,7060142,145,24,1,1,0,0,0,0,0,,1,0,0,1,1,0,0,0,0,0,11/28/1969,"3,403.00",9.32,Bronze,0.00,0.00
(I Won't) Pay Your Price,Overkill,3/24/1979,3,2,56,176,1670143,171,24,1,1,0,0,0,0,0,,1,0,0,1,1,0,0,0,0,0,11/28/1969,"3,403.00",9.32,Bronze,0.00,0.00
I'll Be Your Sister,Overkill,3/24/1979,4,2,52,172,1640478,115,24,1,1,0,0,0,0,0,,1,0,0,1,1,0,0,0,0,0,11/28/1969,"3,403.00",9.32,Bronze,0.00,0.00
Capricorn,Overkill,3/24/1979,5,4,8,248,1232604,104,24,1,1,0,0,0,0,0,,1,0,0,1,1,0,0,0,0,0,11/28/1969,"3,403.00",9.32,Bronze,0.00,1.00
No Class,Overkill,3/24/1979,6,2,38,158,5583107,109,24,1,1,0,0,0,0,1,61,1,0,0,1,1,0,0,0,0,0,11/28/1969,"3,403.00",9.32,Bronze,0.00,1.00
Damage Case,Overkill,3/24/1979,7,3,2,182,12974094,152,24,1,1,0,0,0,0,0,,1,0,0,1,1,0,0,0,0,0,11/28/1969,"3,403.00",9.32,Bronze,0.00,0.00
Tear Ya Down,Overkill,3/24/1979,8,2,40,160,1890590,164,24,1,1,0,0,0,0,0,,1,0,0,1,1,0,0,0,0,0,11/28/1969,"3,403.00",9.32,Bronze,0.00,0.00
Metropolis,Overkill,3/24/1979,9,3,35,215,3233557,48,24,1,1,0,0,0,0,0,,1,0,0,1,1,0,0,0,0,0,11/28/1969,"3,403.00",9.32,Bronze,0.00,0.00
Limb from Limb,Overkill,3/24/1979,10,4,54,294,1264846,80,24,1,1,0,0,0,0,0,,1,0,0,1,1,0,0,0,0,0,11/28/1969,"3,403.00",9.32,Bronze,0.00,0.00
Dead Men Tell No Tales,Bomber,10/27/1979,1,3,3,183,1836563,147,12,1,0,0,0,0,0,0,,1,0,0,1,1,0,0,0,0,0,11/28/1969,"3,620.00",9.92,Bronze,0.00,1.00
Lawman,Bomber,10/27/1979,2,4,3,243,650202,101,12,1,0,0,0,0,0,0,,1,0,0,1,1,0,0,0,0,0,11/28/1969,"3,620.00",9.92,Bronze,0.00,0.00
Sweet Revenge,Bomber,10/27/1979,3,4,10,250,589999,130,12,1,0,0,0,0,0,0,,1,0,0,1,1,0,0,0,0,0,11/28/1969,"3,620.00",9.92,Bronze,0.00,0.00
Sharpshooter,Bomber,10/27/1979,4,3,17,197,600659,75,12,1,0,0,0,0,0,0,,1,0,0,1,1,0,0,0,0,0,11/28/1969,"3,620.00",9.92,Bronze,0.00,0.00
Poison,Bomber,10/27/1979,5,2,51,171,620566,152,12,1,0,0,0,0,0,0,,1,0,0,1,1,0,0,0,0,0,11/28/1969,"3,620.00",9.92,Bronze,0.00,1.00
Stone Dead Forever,Bomber,10/27/1979,6,4,56,296,3464235,161,12,1,0,0,0,0,0,0,,1,0,0,1,1,0,0,0,0,0,11/28/1969,"3,620.00",9.92,Bronze,0.00,0.00
All the Aces,Bomber,10/27/1979,7,3,22,202,687593,157,12,1,0,0,0,0,0,0,,1,0,0,1,1,0,0,0,0,0,11/28/1969,"3,620.00",9.92,Bronze,0.00,0.00
Step Down,Bomber,10/27/1979,8,3,38,218,483417,64,12,1,0,0,0,0,0,0,,1,0,0,1,1,0,0,0,0,0,11/28/1969,"3,620.00",9.92,Bronze,0.00,0.00
Talking Head,Bomber,10/27/1979,9,3,38,218,440849,165,12,1,0,0,0,0,0,0,,1,0,0,1,1,0,0,0,0,0,11/28/1969,"3,620.00",9.92,Bronze,0.00,0.00
Bomber,Bomber,10/27/1979,10,3,40,220,9995654,98,12,1,0,0,0,0,0,1,34,1,0,0,1,1,0,0,0,0,0,11/28/1969,"3,620.00",9.92,Bronze,0.00,0.00
Ace of Spades,Ace of Spades,11/8/1980,1,2,46,166,343548932,158,4,1,1,0,0,0,0,1,15,1,0,0,1,1,0,0,0,0,0,11/28/1969,"3,998.00",10.95,Bronze,0.00,1.00
Love Me Like a Reptile,Ace of Spades,11/8/1980,2,3,20,200,7111249,146,4,1,1,0,0,0,0,0,,1,0,0,1,1,0,0,0,0,0,11/28/1969,"3,998.00",10.95,Bronze,0.00,0.00
Shoot You in the Back,Ace of Spades,11/8/1980,3,2,38,158,4676617,103,4,1,1,0,0,0,0,0,,1,0,0,1,1,0,0,0,0,0,11/28/1969,"3,998.00",10.95,Bronze,0.00,0.00
Live to Win,Ace of Spades,11/8/1980,4,3,36,216,3199788,141,4,1,1,0,0,0,0,0,,1,0,0,1,1,0,0,0,0,0,11/28/1969,"3,998.00",10.95,Bronze,0.00,0.00
Fast and Loose,Ace of Spades,11/8/1980,5,3,21,201,4788010,160,4,1,1,0,0,0,0,0,,1,0,0,1,1,0,0,0,0,0,11/28/1969,"3,998.00",10.95,Bronze,0.00,0.00
(We Are) The Roadcrew,Ace of Spades,11/8/1980,6,3,11,191,9523650,157,4,1,1,0,0,0,0,0,,1,0,0,1,1,0,0,0,0,0,11/28/1969,"3,998.00",10.95,Bronze,1.00,0.00
Fire Fire,Ace of Spades,11/8/1980,7,2,43,163,1831049,160,4,1,1,0,0,0,0,0,,1,0,0,1,1,0,0,0,0,0,11/28/1969,"3,998.00",10.95,Bronze,0.00,0.00
Jailbait,Ace of Spades,11/8/1980,8,3,30,210,2830349,119,4,1,1,0,0,0,0,0,,1,0,0,1,1,0,0,0,0,0,11/28/1969,"3,998.00",10.95,Bronze,0.00,0.00
Dance,Ace of Spades,11/8/1980,9,2,35,155,1644053,134,4,1,1,0,0,0,0,0,,1,0,0,1,1,0,0,0,0,0,11/28/1969,"3,998.00",10.95,Bronze,0.00,0.00
Bite the Bullet,Ace of Spades,11/8/1980,10,1,37,97,1570186,77,4,1,1,0,0,0,0,0,,1,0,0,1,1,0,0,0,0,0,11/28/1969,"3,998.00",10.95,Bronze,0.00,0.00
The Chase Is Better Than the Catch,Ace of Spades,11/8/1980,11,4,15,255,5491170,183,4,1,1,0,0,0,0,0,,1,0,0,1,1,0,0,0,0,0,11/28/1969,"3,998.00",10.95,Bronze,0.00,1.00
The Hammer,Ace of Spades,11/8/1980,12,2,46,166,2479305,169,4,1,1,0,0,0,0,0,,1,0,0,1,1,0,0,0,0,0,11/28/1969,"3,998.00",10.95,Bronze,0.00,0.00
Iron Fist,Iron Fist,4/17/1982,1,2,52,172,7767046,140,6,1,1,0,0,0,0,1,29,1,0,0,1,1,0,0,0,0,0,11/28/1969,"4,523.00",12.39,Bronze,0.00,1.00
Heart of Stone,Iron Fist,4/17/1982,2,3,2,182,750610,115,6,1,1,0,0,0,0,0,,1,0,0,1,1,0,0,0,0,0,11/28/1969,"4,523.00",12.39,Bronze,0.00,0.00
I'm the Doctor,Iron Fist,4/17/1982,3,2,40,160,645990,158,6,1,1,0,0,0,0,0,,1,0,0,1,1,0,0,0,0,0,11/28/1969,"4,523.00",12.39,Bronze,0.00,0.00
Go to Hell,Iron Fist,4/17/1982,4,3,7,187,741994,110,6,1,1,0,0,0,0,1,,1,0,0,1,1,0,0,0,0,0,11/28/1969,"4,523.00",12.39,Bronze,0.00,0.00
Loser,Iron Fist,4/17/1982,5,3,54,234,515775,98,6,1,1,0,0,0,0,0,,1,0,0,1,1,0,0,0,0,0,11/28/1969,"4,523.00",12.39,Bronze,0.00,0.00
Sex and Outrage,Iron Fist,4/17/1982,6,2,7,127,465860,90,6,1,1,0,0,0,0,0,,1,0,0,1,1,0,0,0,0,0,11/28/1969,"4,523.00",12.39,Bronze,0.00,0.00
America,Iron Fist,4/17/1982,7,3,35,215,512827,91,6,1,1,0,0,0,0,0,,1,0,0,1,1,0,0,0,0,0,11/28/1969,"4,523.00",12.39,Bronze,0.00,0.00
Shut It Down,Iron Fist,4/17/1982,8,2,38,158,338376,138,6,1,1,0,0,0,0,0,,1,0,0,1,1,0,0,0,0,0,11/28/1969,"4,523.00",12.39,Bronze,0.00,0.00
Speedfreak,Iron Fist,4/17/1982,9,3,25,205,697089,103,6,1,1,0,0,0,0,0,,1,0,0,1,1,0,0,0,0,0,11/28/1969,"4,523.00",12.39,Bronze,0.00,0.00
(Don't Let 'Em) Grind You Down,Iron Fist,4/17/1982,10,3,5,185,359993,117,6,1,1,0,0,0,0,0,,1,0,0,1,1,0,0,0,0,0,11/28/1969,"4,523.00",12.39,Bronze,0.00,0.00
(Don't Need) Religion,Iron Fist,4/17/1982,11,2,40,160,549888,101,6,1,1,0,0,0,0,0,,1,0,0,1,1,0,0,0,0,0,11/28/1969,"4,523.00",12.39,Bronze,0.00,0.00
Bang to Rights,Iron Fist,4/17/1982,12,2,39,159,347341,135,6,1,1,0,0,0,0,0,,1,0,0,1,1,0,0,0,0,0,11/28/1969,"4,523.00",12.39,Bronze,0.00,0.00
Back at the Funny Farm,Another Perfect Day,6/4/1983,1,4,11,251,2668601,139,20,1,1,0,0,0,0,0,,1,0,0,1,0,1,0,0,0,0,11/28/1969,"4,936.00",13.52,Bronze,0.00,0.00
Shine,Another Perfect Day,6/4/1983,2,3,8,188,1524459,190,20,1,1,0,0,0,0,1,59,1,0,0,1,0,1,0,0,0,0,11/28/1969,"4,936.00",13.52,Bronze,0.00,1.00
Dancing on Your Grave,Another Perfect Day,6/4/1983,3,4,26,266,2479436,118,20,1,1,0,0,0,0,0,,1,0,0,1,0,1,0,0,0,0,11/28/1969,"4,936.00",13.52,Bronze,0.00,0.00
Rock It,Another Perfect Day,6/4/1983,4,3,52,232,726625,129,20,1,1,0,0,0,0,0,,1,0,0,1,0,1,0,0,0,0,11/28/1969,"4,936.00",13.52,Bronze,0.00,0.00
One Track Mind,Another Perfect Day,6/4/1983,5,5,52,352,517486,84,20,1,1,0,0,0,0,0,,1,0,0,1,0,1,0,0,0,0,11/28/1969,"4,936.00",13.52,Bronze,0.00,1.00
Another Perfect Day,Another Perfect Day,6/4/1983,6,5,26,326,586409,169,20,1,1,0,0,0,0,0,,1,0,0,1,0,1,0,0,0,0,11/28/1969,"4,936.00",13.52,Bronze,0.00,0.00
Marching Off to War,Another Perfect Day,6/4/1983,7,4,9,249,596055,83,20,1,1,0,0,0,0,0,,1,0,0,1,0,1,0,0,0,0,11/28/1969,"4,936.00",13.52,Bronze,0.00,0.00
I Got Mine,Another Perfect Day,6/4/1983,8,5,21,321,1207121,142,20,1,1,0,0,0,0,1,46,1,0,0,1,0,1,0,0,0,0,11/28/1969,"4,936.00",13.52,Bronze,0.00,1.00
Tales of Glory,Another Perfect Day,6/4/1983,9,2,53,173,298311,148,20,1,1,0,0,0,0,0,,1,0,0,1,0,1,0,0,0,0,11/28/1969,"4,936.00",13.52,Bronze,0.00,0.00
Die You Bastard,Another Perfect Day,6/4/1983,10,4,22,262,383711,114,20,1,1,0,0,0,0,0,,1,0,0,1,0,1,0,0,0,0,11/28/1969,"4,936.00",13.52,Bronze,0.00,0.00
Turn You Round Again,Another Perfect Day,6/4/1983,11,3,55,235,290271,183,20,1,1,0,0,0,0,0,,1,0,0,1,0,1,0,0,0,0,11/28/1969,"4,936.00",13.52,Bronze,0.00,0.00
Ace of Spades,No Remorse,9/15/1984,1,2,46,166,344448391,170,14,1,1,0,0,0,0,0,,1,0,0,0,0,0,0,0,0,0,11/28/1969,5405,14.80821918,Bronze,0.00,0.00
Motorhead,No Remorse,9/15/1984,2,3,35,215,824398,148,14,1,1,0,0,0,0,0,,1,0,0,0,0,0,0,0,0,0,11/28/1969,"5,405.00",14.81,Bronze,0.00,0.00
Jailbait,No Remorse,9/15/1984,3,3,30,210,2836414,116,14,1,1,0,0,0,0,0,,1,0,0,0,0,0,0,0,0,0,11/28/1969,"5,405.00",14.81,Bronze,0.00,0.00
Stay Clean,No Remorse,9/15/1984,4,2,40,160,7073061,155,14,1,1,0,0,0,0,0,,1,0,0,0,0,0,0,0,0,0,11/28/1969,"5,405.00",14.81,Bronze,0.00,0.00
Too Late Too Late,No Remorse,9/15/1984,5,3,23,203,1187157,160,14,1,1,0,0,0,0,0,,1,0,0,0,0,0,0,0,0,0,11/28/1969,"5,405.00",14.81,Bronze,0.00,0.00
Killed By Death,No Remorse,9/15/1984,6,4,39,279,33348342,127,14,1,1,0,0,0,0,1,51,1,0,0,0,0,0,0,0,0,0,11/28/1969,"5,405.00",14.81,Bronze,0.00,1.00
Bomber,No Remorse,9/15/1984,7,3,40,220,10013982,112,14,1,1,0,0,0,0,0,,1,0,0,0,0,0,0,0,0,0,11/28/1969,"5,405.00",14.81,Bronze,0.00,0.00
Iron Fist,No Remorse,9/15/1984,8,2,53,173,7787527,140,14,1,1,0,0,0,0,0,,1,0,0,0,0,0,0,0,0,0,11/28/1969,"5,405.00",14.81,Bronze,0.00,0.00
Shine,No Remorse,9/15/1984,9,3,9,189,1527574,248,14,1,1,0,0,0,0,0,,1,0,0,0,0,0,0,0,0,0,11/28/1969,"5,405.00",14.81,Bronze,0.00,0.00
Dancing on Your Grave,No Remorse,9/15/1984,10,4,26,266,2482965,118,14,1,1,0,0,0,0,0,,1,0,0,0,0,0,0,0,0,0,11/28/1969,"5,405.00",14.81,Bronze,0.00,0.00
Metropolis,No Remorse,9/15/1984,11,3,35,215,3237733,49,14,1,1,0,0,0,0,0,,1,0,0,0,0,0,0,0,0,0,11/28/1969,"5,405.00",14.81,Bronze,0.00,0.00
Snaggletooth,No Remorse,9/15/1984,12,3,51,231,539676,194,14,1,1,0,0,0,0,0,,1,0,0,0,0,0,0,0,0,0,11/28/1969,"5,405.00",14.81,Bronze,0.00,0.00
Overkill,No Remorse,9/15/1984,13,5,13,313,57287613,127,14,1,1,0,0,0,0,0,,1,0,0,0,0,0,0,0,0,0,11/28/1969,"5,405.00",14.81,Bronze,0.00,0.00
Please Don't Touch,No Remorse,9/15/1984,14,2,47,167,3125683,329,14,1,1,0,0,0,1,0,,1,0,0,0,0,0,0,0,0,0,11/28/1969,"5,405.00",14.81,Bronze,0.00,0.00
Stone Dead Forever,No Remorse,9/15/1984,15,4,56,296,3470946,159,14,1,1,0,0,0,0,0,,1,0,0,0,0,0,0,0,0,0,11/28/1969,"5,405.00",14.81,Bronze,0.00,0.00
Like a Nightmare,No Remorse,9/15/1984,16,4,26,266,280838,80,14,1,1,0,0,0,0,0,,1,0,0,0,0,0,0,0,0,0,11/28/1969,"5,405.00",14.81,Bronze,0.00,0.00
Emergency,No Remorse,9/15/1984,17,2,58,178,599999,141,14,1,1,0,0,0,1,0,,1,0,0,0,0,0,0,0,0,0,11/28/1969,"5,405.00",14.81,Bronze,0.00,0.00
Steal Your Face,No Remorse,9/15/1984,18,4,29,269,253337,167,14,1,1,0,0,0,0,0,,1,0,0,0,0,0,0,0,0,0,11/28/1969,"5,405.00",14.81,Bronze,0.00,0.00
Louie Louie,No Remorse,9/15/1984,19,2,50,170,8687452,123,14,1,1,0,0,0,0,0,,1,0,0,0,0,0,0,0,0,0,11/28/1969,"5,405.00",14.81,Bronze,0.00,0.00
No Class,No Remorse,9/15/1984,20,2,38,158,5598943,116,14,1,1,0,0,0,0,0,,1,0,0,0,0,0,0,0,0,0,11/28/1969,"5,405.00",14.81,Bronze,0.00,0.00
Iron Horse,No Remorse,9/15/1984,21,3,45,225,726923,152,14,1,1,0,0,0,0,0,,1,0,0,0,0,0,0,0,0,0,11/28/1969,"5,405.00",14.81,Bronze,0.00,0.00
(We Are) The Roadcrew,No Remorse,9/15/1984,22,3,11,191,9544411,148,14,1,1,0,0,0,0,0,,1,0,0,0,0,0,0,0,0,0,11/28/1969,"5,405.00",14.81,Bronze,1.00,0.00
Leaving Here,No Remorse,9/15/1984,23,3,3,183,328639,202,14,1,1,0,0,0,0,0,,1,0,0,0,0,0,0,0,0,0,11/28/1969,"5,405.00",14.81,Bronze,0.00,0.00
Locomotive,No Remorse,9/15/1984,24,3,22,202,326648,106,14,1,1,0,0,0,0,0,,1,0,0,0,0,0,0,0,0,0,11/28/1969,"5,405.00",14.81,Bronze,0.00,0.00
Under the Knife,No Remorse,9/15/1984,25,3,48,228,176641,133,14,1,1,0,0,0,0,0,,1,0,0,0,0,0,0,0,0,0,11/28/1969,"5,405.00",14.81,Bronze,0.00,0.00
Masterplan,No Remorse,9/15/1984,26,2,52,172,160615,234,14,1,1,0,0,0,0,0,,1,0,0,0,0,0,0,0,0,0,11/28/1969,"5,405.00",14.81,Bronze,0.00,0.00
No Class,No Remorse,9/15/1984,27,2,29,149,167255,111,14,1,1,0,0,0,0,0,,1,0,0,0,0,0,0,0,0,0,11/28/1969,"5,405.00",14.81,Bronze,0.00,0.00
Stand By Your Man,No Remorse,9/15/1984,28,3,6,186,353999,154,14,1,1,0,0,0,1,0,,1,0,0,0,0,0,0,0,0,0,11/28/1969,"5,405.00",14.81,Bronze,0.00,0.00
Deaf Forever,Orgasmatron,8/9/1986,1,4,26,266,2083048,320,21,1,1,1,0,0,0,1,67,1,0,0,0,0,0,1,1,1,0,11/28/1969,"6,098.00",16.71,GWR,0.00,0.00
Nothing Up My Sleeve,Orgasmatron,8/9/1986,2,3,12,192,490187,166,21,1,1,1,0,0,0,0,,1,0,0,0,0,0,1,1,1,0,11/28/1969,"6,098.00",16.71,GWR,0.00,0.00
Ain't My Crime,Orgasmatron,8/9/1986,3,3,43,223,607145,207,21,1,1,1,0,0,0,0,,1,0,0,0,0,0,1,1,1,0,11/28/1969,"6,098.00",16.71,GWR,0.00,0.00
Claw,Orgasmatron,8/9/1986,4,3,31,211,430752,238,21,1,1,1,0,0,0,0,,1,0,0,0,0,0,1,1,1,0,11/28/1969,"6,098.00",16.71,GWR,0.00,0.00
Mean Machine,Orgasmatron,8/9/1986,5,2,57,177,624681,117,21,1,1,1,0,0,0,0,,1,0,0,0,0,0,1,1,1,0,11/28/1969,"6,098.00",16.71,GWR,0.00,0.00
Built for Speed,Orgasmatron,8/9/1986,6,4,56,296,909953,201,21,1,1,1,0,0,0,0,,1,0,0,0,0,0,1,1,1,0,11/28/1969,"6,098.00",16.71,GWR,0.00,0.00
Ridin' with the Driver,Orgasmatron,8/9/1986,7,3,47,227,482536,205,21,1,1,1,0,0,0,0,,1,0,0,0,0,0,1,1,1,0,11/28/1969,"6,098.00",16.71,GWR,0.00,0.00
Doctor Rock,Orgasmatron,8/9/1986,8,3,37,217,1173272,247,21,1,1,1,0,0,0,0,,1,0,0,0,0,0,1,1,1,0,11/28/1969,"6,098.00",16.71,GWR,0.00,0.00
Orgasmatron,Orgasmatron,8/9/1986,9,5,23,323,6495312,188,21,1,1,1,0,0,0,0,,1,0,0,0,0,0,1,1,1,0,11/28/1969,"6,098.00",16.71,GWR,0.00,0.00
Rock 'n' Roll,Rock 'n' Roll,9/5/1987,1,3,47,227,7113054,216,34,1,1,1,0,0,0,0,,1,0,0,1,0,0,1,1,0,0,11/28/1969,"6,490.00",17.78,GWR,0.00,0.00
Eat the Rich,Rock 'n' Roll,9/5/1987,2,4,34,274,4499781,236,34,1,1,1,0,0,0,1,0,1,0,0,1,0,0,1,1,0,0,11/28/1969,"6,490.00",17.78,GWR,0.00,1.00
Blackheart,Rock 'n' Roll,9/5/1987,3,4,0,240,387543,276,34,1,1,1,0,0,0,0,,1,0,0,1,0,0,1,1,0,0,11/28/1969,"6,490.00",17.78,GWR,0.00,0.00
Stone Deaf In the USA,Rock 'n' Roll,9/5/1987,4,4,40,280,310137,172,34,1,1,1,0,0,0,0,,1,0,0,1,0,0,1,1,0,0,11/28/1969,"6,490.00",17.78,GWR,0.00,0.00
The Wolf,Rock 'n' Roll,9/5/1987,5,3,28,208,369758,126,34,1,1,1,0,0,0,0,,1,0,0,1,0,0,1,1,0,0,11/28/1969,"6,490.00",17.78,GWR,0.00,0.00
Traitor,Rock 'n' Roll,9/5/1987,6,3,17,197,349356,209,34,1,1,1,0,0,0,0,,1,0,0,1,0,0,1,1,0,0,11/28/1969,"6,490.00",17.78,GWR,0.00,0.00
Dogs,Rock 'n' Roll,9/5/1987,7,3,47,227,407845,172,34,1,1,1,0,0,0,0,,1,0,0,1,0,0,1,1,0,0,11/28/1969,"6,490.00",17.78,GWR,0.00,0.00
All for You,Rock 'n' Roll,9/5/1987,8,4,10,250,521234,178,34,1,1,1,0,0,0,0,,1,0,0,1,0,0,1,1,0,0,11/28/1969,"6,490.00",17.78,GWR,0.00,0.00
Boogeyman,Rock 'n' Roll,9/5/1987,9,3,4,184,443859,211,34,1,1,1,0,0,0,0,,1,0,0,1,0,0,1,1,0,0,11/28/1969,"6,490.00",17.78,GWR,0.00,0.00
The One to Sing the Blues,1916,2/26/1991,1,3,7,187,1361531,250,24,1,1,1,0,0,0,1,45,1,0,0,1,0,0,1,1,0,0,11/28/1969,"7,760.00",21.26,Epic,0.00,0.00
I'm so Bad (Baby I Don't Care),1916,2/26/1991,2,3,13,193,2617101,201,24,1,1,1,0,0,0,0,,1,0,0,1,0,0,1,1,0,0,11/28/1969,"7,760.00",21.26,Epic,0.00,1.00
No Voice In The Sky,1916,2/26/1991,3,4,12,252,1976516,159,24,1,1,1,0,0,0,0,,1,0,0,1,0,0,1,1,0,0,11/28/1969,"7,760.00",21.26,Epic,0.00,0.00
Going To Brazil,1916,2/26/1991,4,2,29,149,3847974,142,24,1,1,1,0,0,0,0,,1,0,0,1,0,0,1,1,0,0,11/28/1969,"7,760.00",21.26,Epic,0.00,0.00
Nightmare/The Dreamtime,1916,2/26/1991,5,4,40,280,507306,123,24,1,1,1,0,0,0,0,,1,0,0,1,0,0,1,1,0,0,11/28/1969,"7,760.00",21.26,Epic,0.00,0.00
Love Me Forever,1916,2/26/1991,6,5,27,327,13919545,221,24,1,1,1,0,0,0,0,,1,0,0,1,0,0,1,1,0,0,11/28/1969,"7,760.00",21.26,Epic,0.00,0.00
Angel City,1916,2/26/1991,7,3,57,237,668308,198,24,1,1,1,0,0,0,0,,1,0,0,1,0,0,1,1,0,0,11/28/1969,"7,760.00",21.26,Epic,0.00,0.00
Make My Day,1916,2/26/1991,8,4,24,264,519062,363,24,1,1,1,0,0,0,0,,1,0,0,1,0,0,1,1,0,0,11/28/1969,"7,760.00",21.26,Epic,0.00,0.00
Ramones,1916,2/26/1991,9,1,25,85,5717795,105,24,1,1,1,0,0,0,0,,1,0,0,1,0,0,1,1,0,0,11/28/1969,"7,760.00",21.26,Epic,0.00,0.00
Shut You Down,1916,2/26/1991,10,2,40,160,816204,216,24,1,1,1,0,0,0,0,,1,0,0,1,0,0,1,1,0,0,11/28/1969,"7,760.00",21.26,Epic,0.00,0.00
1916,1916,2/26/1991,11,3,44,224,3542049,237,24,1,1,1,0,0,0,0,,1,0,0,1,0,0,1,1,0,0,11/28/1969,"7,760.00",21.26,Epic,0.00,0.00
Stand,March Or Die,8/14/1992,1,3,31,211,1189283,224,60,1,1,1,0,0,0,0,,1,0,0,1,0,0,1,1,0,1,11/28/1969,"8,295.00",22.73,Epic,0.00,0.00
Cat Scratch Fever,March Or Die,8/14/1992,2,3,52,232,4052011,179,60,1,1,1,0,0,1,0,,1,0,0,1,0,0,1,1,0,1,11/28/1969,"8,295.00",22.73,Epic,0.00,0.00
Bad Religion,March Or Die,8/14/1992,3,5,1,301,1898170,258,60,1,1,1,0,0,0,0,,1,0,0,1,0,0,1,1,0,1,11/28/1969,"8,295.00",22.73,Epic,0.00,0.00
Jack The Ripper,March Or Die,8/14/1992,4,4,38,278,736486,273,60,1,1,1,0,0,0,0,,1,0,0,1,0,0,1,1,0,1,11/28/1969,"8,295.00",22.73,Epic,0.00,0.00
I Ain't No Nice Guy,March Or Die,8/14/1992,5,4,15,255,7844312,196,60,1,1,1,0,0,0,0,,1,0,0,1,0,0,1,1,0,1,11/28/1969,"8,295.00",22.73,Epic,0.00,1.00
Hellraiser,March Or Die,8/14/1992,6,4,35,275,22215413,186,60,1,1,1,0,0,0,1,0,1,0,0,1,0,0,1,1,0,1,11/28/1969,"8,295.00",22.73,Epic,0.00,1.00
Asylum Choir,March Or Die,8/14/1992,7,3,40,220,561750,196,60,1,1,1,0,0,0,0,,1,0,0,1,0,0,1,1,0,1,11/28/1969,"8,295.00",22.73,Epic,0.00,0.00
Too Good To Be True,March Or Die,8/14/1992,8,3,36,216,1757052,258,60,1,1,1,0,0,0,0,,1,0,0,1,0,0,1,1,0,1,11/28/1969,"8,295.00",22.73,Epic,0.00,0.00
You Better Run,March Or Die,8/14/1992,9,4,50,290,1559982,129,60,1,1,1,0,0,0,0,,1,0,0,1,0,0,1,1,0,1,11/28/1969,"8,295.00",22.73,Epic,0.00,0.00
Name In Vain,March Or Die,8/14/1992,10,3,4,184,788400,244,60,1,1,1,0,0,0,0,,1,0,0,1,0,0,1,1,0,1,11/28/1969,"8,295.00",22.73,Epic,0.00,0.00
March Or Die,March Or Die,8/14/1992,11,5,41,341,717707,331,60,1,1,1,0,0,0,0,,1,0,0,1,0,0,1,1,0,1,11/28/1969,"8,295.00",22.73,Epic,0.00,0.00
On Your Feet Or On Your Knees,Bastards,11/29/1993,1,2,35,155,613233,299,0,1,0,1,0,0,0,0,,1,0,0,0,0,0,1,1,0,1,11/28/1969,"8,767.00",24.02,ZYX,0.00,0.00
Burner,Bastards,11/29/1993,2,2,54,174,1194953,252,0,1,0,1,0,0,0,0,,1,0,0,0,0,0,1,1,0,1,11/28/1969,"8,767.00",24.02,ZYX,0.00,1.00
Death Or Glory,Bastards,11/29/1993,3,4,52,292,951584,303,0,1,0,1,0,0,0,0,,1,0,0,0,0,0,1,1,0,1,11/28/1969,"8,767.00",24.02,ZYX,0.00,0.00
I Am The Sword,Bastards,11/29/1993,4,4,28,268,951584,219,0,1,0,1,0,0,0,0,,1,0,0,0,0,0,1,1,0,1,11/28/1969,"8,767.00",24.02,ZYX,0.00,0.00
Born To Raise Hell,Bastards,11/29/1993,5,4,59,299,8793776,347,0,1,0,1,0,0,0,0,,1,0,0,0,0,0,1,1,0,1,11/28/1969,"8,767.00",24.02,ZYX,0.00,1.00
Don't Let Daddy Kiss Me,Bastards,11/29/1993,6,4,7,247,734546,270,0,1,0,1,0,0,0,1,0,1,0,0,0,0,0,1,1,0,1,11/28/1969,"8,767.00",24.02,ZYX,0.00,0.00
Bad Woman,Bastards,11/29/1993,7,3,17,197,576648,219,0,1,0,1,0,0,0,0,,1,0,0,0,0,0,1,1,0,1,11/28/1969,"8,767.00",24.02,ZYX,0.00,0.00
Liar,Bastards,11/29/1993,8,4,13,253,701765,311,0,1,0,1,0,0,0,0,,1,0,0,0,0,0,1,1,0,1,11/28/1969,"8,767.00",24.02,ZYX,0.00,0.00
Lost In The Ozone,Bastards,11/29/1993,9,3,28,208,455194,179,0,1,0,1,0,0,0,0,,1,0,0,0,0,0,1,1,0,1,11/28/1969,"8,767.00",24.02,ZYX,0.00,0.00
I'm Your Man,Bastards,11/29/1993,10,3,29,209,381755,179,0,1,0,1,0,0,0,0,,1,0,0,0,0,0,1,1,0,1,11/28/1969,"8,767.00",24.02,ZYX,0.00,0.00
We Bring The Shake,Bastards,11/29/1993,11,3,47,227,328088,290,0,1,0,1,0,0,0,0,,1,0,0,0,0,0,1,1,0,1,11/28/1969,"8,767.00",24.02,ZYX,0.00,0.00
Devils,Bastards,11/29/1993,12,5,59,359,409135,188,0,1,0,1,0,0,0,0,,1,0,0,0,0,0,1,1,0,1,11/28/1969,"8,767.00",24.02,ZYX,0.00,0.00
Sacrifice,Sacrifice,7/11/1995,1,3,16,196,867305,111,0,1,0,1,0,0,0,0,,1,0,0,0,0,0,1,1,0,1,11/28/1969,"9,356.00",25.63,Steamhammer,0.00,1.00
Sex & Death,Sacrifice,7/11/1995,2,2,2,122,348970,222,0,1,0,1,0,0,0,0,,1,0,0,0,0,0,1,1,0,1,11/28/1969,"9,356.00",25.63,Steamhammer,0.00,0.00
Over Your Shoulder,Sacrifice,7/11/1995,3,3,17,197,355029,181,0,1,0,1,0,0,0,0,,1,0,0,0,0,0,1,1,0,1,11/28/1969,"9,356.00",25.63,Steamhammer,0.00,0.00
War for War,Sacrifice,7/11/1995,4,3,7,187,204094,246,0,1,0,1,0,0,0,0,,1,0,0,0,0,0,1,1,0,1,11/28/1969,"9,356.00",25.63,Steamhammer,0.00,0.00
Order / Fade to Black,Sacrifice,7/11/1995,5,4,2,242,181903,186,0,1,0,1,0,0,0,0,,1,0,0,0,0,0,1,1,0,1,11/28/1969,"9,356.00",25.63,Steamhammer,0.00,0.00
Dog-Face Boy,Sacrifice,7/11/1995,6,3,25,205,263836,145,0,1,0,1,0,0,0,0,,1,0,0,0,0,0,1,1,0,1,11/28/1969,"9,356.00",25.63,Steamhammer,0.00,0.00
All Gone to Hell,Sacrifice,7/11/1995,7,3,41,221,188370,272,0,1,0,1,0,0,0,0,,1,0,0,0,0,0,1,1,0,1,11/28/1969,"9,356.00",25.63,Steamhammer,0.00,0.00
Make 'Em Blind,Sacrifice,7/11/1995,8,4,26,266,143772,239,0,1,0,1,0,0,0,0,,1,0,0,0,0,0,1,1,0,1,11/28/1969,"9,356.00",25.63,Steamhammer,0.00,0.00
Don't Waste Your Time,Sacrifice,7/11/1995,9,2,32,152,216599,255,0,1,0,1,0,0,0,0,,1,0,0,0,0,0,1,1,0,1,11/28/1969,"9,356.00",25.63,Steamhammer,1.00,0.00
In Another Time,Sacrifice,7/11/1995,10,3,9,189,208585,183,0,1,0,1,0,0,0,0,,1,0,0,0,0,0,1,1,0,1,11/28/1969,"9,356.00",25.63,Steamhammer,0.00,0.00
Out of the Sun,Sacrifice,7/11/1995,11,3,43,223,223426,189,0,1,0,1,0,0,0,0,,1,0,0,0,0,0,1,1,0,1,11/28/1969,"9,356.00",25.63,Steamhammer,0.00,0.00
Civil War,Overnight Sensation,10/15/1996,1,3,2,182,309755,128,0,1,0,1,0,0,0,0,,1,0,0,0,0,0,1,0,0,1,11/28/1969,"9,818.00",26.90,Steamhammer,0.00,0.00
Crazy Like a Fox,Overnight Sensation,10/15/1996,2,4,32,272,244481,336,0,1,0,1,0,0,0,0,,1,0,0,0,0,0,1,0,0,1,11/28/1969,"9,818.00",26.90,Steamhammer,0.00,0.00
I Don't Believe a Word,Overnight Sensation,10/15/1996,3,6,31,391,1775806,352,0,1,0,1,0,0,0,1,0,1,0,0,0,0,0,1,0,0,1,11/28/1969,"9,818.00",26.90,Steamhammer,0.00,1.00
Eat the Gun,Overnight Sensation,10/15/1996,4,2,13,133,169879,156,0,1,0,1,0,0,0,0,,1,0,0,0,0,0,1,0,0,1,11/28/1969,"9,818.00",26.90,Steamhammer,0.00,0.00
Overnight Sensation,Overnight Sensation,10/15/1996,5,4,10,250,630396,209,0,1,0,1,0,0,0,0,,1,0,0,0,0,0,1,0,0,1,11/28/1969,"9,818.00",26.90,Steamhammer,0.00,0.00
Love Can't Buy You Money,Overnight Sensation,10/15/1996,6,3,6,186,208872,180,0,1,0,1,0,0,0,0,,1,0,0,0,0,0,1,0,0,1,11/28/1969,"9,818.00",26.90,Steamhammer,0.00,0.00
Broken,Overnight Sensation,10/15/1996,7,4,34,274,249633,210,0,1,0,1,0,0,0,0,,1,0,0,0,0,0,1,0,0,1,11/28/1969,"9,818.00",26.90,Steamhammer,0.00,0.00
Them Not Me,Overnight Sensation,10/15/1996,8,2,47,167,176464,274,0,1,0,1,0,0,0,0,,1,0,0,0,0,0,1,0,0,1,11/28/1969,"9,818.00",26.90,Steamhammer,0.00,0.00
Murder Show,Overnight Sensation,10/15/1996,9,3,3,183,154395,163,0,1,0,1,0,0,0,0,,1,0,0,0,0,0,1,0,0,1,11/28/1969,"9,818.00",26.90,Steamhammer,0.00,0.00
Shake the World,Overnight Sensation,10/15/1996,10,3,29,209,136580,190,0,1,0,1,0,0,0,0,,1,0,0,0,0,0,1,0,0,1,11/28/1969,"9,818.00",26.90,Steamhammer,0.00,0.00
Listen to Your Heart,Overnight Sensation,10/15/1996,11,3,45,225,175668,153,0,1,0,1,0,0,0,0,,1,0,0,0,0,0,1,0,0,1,11/28/1969,"9,818.00",26.90,Steamhammer,0.00,0.00
Love for Sale,Snake Bite Love,3/10/1998,1,4,52,292,291131,198,171,1,0,1,0,0,0,0,,1,0,0,0,0,0,1,0,0,1,11/28/1969,"10,329.00",28.30,Steamhammer,0.00,0.00
Dogs of War,Snake Bite Love,3/10/1998,2,3,38,218,306514,241,171,1,0,1,0,0,0,0,,1,0,0,0,0,0,1,0,0,1,11/28/1969,"10,329.00",28.30,Steamhammer,0.00,0.00
Snake Bite Love,Snake Bite Love,3/10/1998,3,3,35,215,434207,268,171,1,0,1,0,0,0,0,,1,0,0,0,0,0,1,0,0,1,11/28/1969,"10,329.00",28.30,Steamhammer,0.00,0.00
Assassin,Snake Bite Love,3/10/1998,4,4,48,288,127591,244,171,1,0,1,0,0,0,0,,1,0,0,0,0,0,1,0,0,1,11/28/1969,"10,329.00",28.30,Steamhammer,0.00,0.00
Take the Blame,Snake Bite Love,3/10/1998,5,4,3,243,138271,298,171,1,0,1,0,0,0,0,,1,0,0,0,0,0,1,0,0,1,11/28/1969,"10,329.00",28.30,Steamhammer,0.00,0.00
Dead and Gone,Snake Bite Love,3/10/1998,6,4,18,258,259201,277,171,1,0,1,0,0,0,0,,1,0,0,0,0,0,1,0,0,1,11/28/1969,"10,329.00",28.30,Steamhammer,0.00,0.00
Night Side,Snake Bite Love,3/10/1998,7,3,37,217,103521,195,171,1,0,1,0,0,0,0,,1,0,0,0,0,0,1,0,0,1,11/28/1969,"10,329.00",28.30,Steamhammer,0.00,0.00
Don't Lie to Me,Snake Bite Love,3/10/1998,8,3,59,239,157265,365,171,1,0,1,0,0,0,0,,1,0,0,0,0,0,1,0,0,1,11/28/1969,"10,329.00",28.30,Steamhammer,0.00,0.00
Joy of Labour,Snake Bite Love,3/10/1998,9,4,52,292,131024,263,171,1,0,1,0,0,0,0,,1,0,0,0,0,0,1,0,0,1,11/28/1969,"10,329.00",28.30,Steamhammer,0.00,0.00
Desperate for You,Snake Bite Love,3/10/1998,10,3,27,207,115732,256,171,1,0,1,0,0,0,0,,1,0,0,0,0,0,1,0,0,1,11/28/1969,"10,329.00",28.30,Steamhammer,1.00,0.00
Better Off Dead,Snake Bite Love,3/10/1998,11,3,42,222,101599,212,171,1,0,1,0,0,0,0,,1,0,0,0,0,0,1,0,0,1,11/28/1969,"10,329.00",28.30,Steamhammer,0.00,0.00
See Me Burning,We Are Motorhead,5/16/2000,1,2,59,179,554319,177,91,1,0,1,0,0,0,0,,1,0,0,0,0,0,1,0,0,1,11/28/1969,"11,127.00",30.48,Steamhammer,0.00,0.00
Slow Dance,We Are Motorhead,5/16/2000,2,4,29,269,357656,286,91,1,0,1,0,0,0,0,,1,0,0,0,0,0,1,0,0,1,11/28/1969,"11,127.00",30.48,Steamhammer,0.00,0.00
Stay Out of Jail,We Are Motorhead,5/16/2000,3,3,2,182,424723,151,91,1,0,1,0,0,0,0,,1,0,0,0,0,0,1,0,0,1,11/28/1969,"11,127.00",30.48,Steamhammer,0.00,0.00
God Save the Queen,We Are Motorhead,5/16/2000,4,3,19,199,1129837,185,91,1,0,1,0,0,1,1,93,1,0,0,0,0,0,1,0,0,1,11/28/1969,"11,127.00",30.48,Steamhammer,0.00,1.00
Out to Lunch,We Are Motorhead,5/16/2000,5,3,26,206,221613,236,91,1,0,1,0,0,0,0,,1,0,0,0,0,0,1,0,0,1,11/28/1969,"11,127.00",30.48,Steamhammer,0.00,0.00
Wake the Dead,We Are Motorhead,5/16/2000,6,5,14,314,267459,371,91,1,0,1,0,0,0,0,,1,0,0,0,0,0,1,0,0,1,11/28/1969,"11,127.00",30.48,Steamhammer,0.00,0.00
One More Fucking Time,We Are Motorhead,5/16/2000,7,6,46,406,1443514,382,91,1,0,1,0,0,0,0,,1,0,0,0,0,0,1,0,0,1,11/28/1969,"11,127.00",30.48,Steamhammer,1.00,0.00
Stagefreight / Crash & Burn,We Are Motorhead,5/16/2000,8,3,2,182,246668,151,91,1,0,1,0,0,0,0,,1,0,0,0,0,0,1,0,0,1,11/28/1969,"11,127.00",30.48,Steamhammer,1.00,0.00
(Wearing Your) Heart on Your Sleeve,We Are Motorhead,5/16/2000,9,3,42,222,171339,404,91,1,0,1,0,0,0,0,,1,0,0,0,0,0,1,0,0,1,11/28/1969,"11,127.00",30.48,Steamhammer,1.00,0.00
We Are Motorhead,We Are Motorhead,5/16/2000,10,2,21,141,1804792,243,91,1,0,1,0,0,0,1,0,1,0,0,0,0,0,1,0,0,1,11/28/1969,"11,127.00",30.48,Steamhammer,0.00,0.00
Walk a Crooked Mile,Hammered,4/9/2002,1,5,51,351,426553,280,113,1,0,1,0,0,0,0,,1,0,0,0,0,0,1,0,0,1,11/28/1969,"11,820.00",32.38,Steamhammer,0.00,0.00
Down the line,Hammered,4/9/2002,2,4,23,263,237092,288,113,1,0,1,0,0,0,0,,1,0,0,0,0,0,1,0,0,1,11/28/1969,"11,820.00",32.38,Steamhammer,0.00,0.00
Brave New World,Hammered,4/9/2002,3,4,3,243,307093,254,113,1,0,1,0,0,0,0,,1,0,0,0,0,0,1,0,0,1,11/28/1969,"11,820.00",32.38,Steamhammer,1.00,1.00
Voices from the War,Hammered,4/9/2002,4,4,28,268,243138,393,113,1,0,1,0,0,0,0,,1,0,0,0,0,0,1,0,0,1,11/28/1969,"11,820.00",32.38,Steamhammer,1.00,0.00
Mine All Mine,Hammered,4/9/2002,5,4,12,252,177704,247,113,1,0,1,0,0,0,0,,1,0,0,0,0,0,1,0,0,1,11/28/1969,"11,820.00",32.38,Steamhammer,0.00,0.00
Shut Your Mouth,Hammered,4/9/2002,6,4,6,246,259380,247,113,1,0,1,0,0,0,0,,1,0,0,0,0,0,1,0,0,1,11/28/1969,"11,820.00",32.38,Steamhammer,0.00,0.00
Kill the World,Hammered,4/9/2002,7,3,39,219,166636,281,113,1,0,1,0,0,0,0,,1,0,0,0,0,0,1,0,0,1,11/28/1969,"11,820.00",32.38,Steamhammer,0.00,0.00
Dr. Love,Hammered,4/9/2002,8,3,49,229,188109,366,113,1,0,1,0,0,0,0,,1,0,0,0,0,0,1,0,0,1,11/28/1969,"11,820.00",32.38,Steamhammer,0.00,0.00
No Remorse,Hammered,4/9/2002,9,5,17,317,157960,153,113,1,0,1,0,0,0,0,,1,0,0,0,0,0,1,0,0,1,11/28/1969,"11,820.00",32.38,Steamhammer,0.00,0.00
Red Raw,Hammered,4/9/2002,10,4,3,243,186875,240,113,1,0,1,0,0,0,0,,1,0,0,0,0,0,1,0,0,1,11/28/1969,"11,820.00",32.38,Steamhammer,0.00,0.00
Serial Killer,Hammered,4/9/2002,11,1,41,101,184294,153,113,1,0,1,0,0,0,0,,1,0,0,0,0,0,1,0,0,1,11/28/1969,"11,820.00",32.38,Steamhammer,0.00,1.00
Terminal Show,Inferno,6/22/2004,1,3,45,225,759621,331,95,1,0,1,0,0,0,0,,1,0,0,0,0,0,1,0,0,1,11/28/1969,"12,625.00",34.59,Steamhammer,0.00,0.00
Killers,Inferno,6/22/2004,2,4,14,254,1244512,267,95,1,0,1,0,0,0,0,,1,0,0,0,0,0,1,0,0,1,11/28/1969,"12,625.00",34.59,Steamhammer,0.00,0.00
In the Name of Tragedy,Inferno,6/22/2004,3,3,3,183,9802969,312,95,1,0,1,0,0,0,0,,1,0,0,0,0,0,1,0,0,1,11/28/1969,"12,625.00",34.59,Steamhammer,0.00,0.00
Suicide,Inferno,6/22/2004,4,5,7,307,696293,259,95,1,0,1,0,0,0,0,,1,0,0,0,0,0,1,0,0,1,11/28/1969,"12,625.00",34.59,Steamhammer,0.00,0.00
Life's a Bitch,Inferno,6/22/2004,5,4,13,253,1490898,323,95,1,0,1,0,0,0,0,,1,0,0,0,0,0,1,0,0,1,11/28/1969,"12,625.00",34.59,Steamhammer,0.00,1.00
Down On Me,Inferno,6/22/2004,6,4,12,252,627717,262,95,1,0,1,0,0,0,0,,1,0,0,0,0,0,1,0,0,1,11/28/1969,"12,625.00",34.59,Steamhammer,0.00,0.00
In the Black,Inferno,6/22/2004,7,4,31,271,1042303,347,95,1,0,1,0,0,0,0,,1,0,0,0,0,0,1,0,0,1,11/28/1969,"12,625.00",34.59,Steamhammer,0.00,0.00
Fight,Inferno,6/22/2004,8,3,42,222,634560,182,95,1,0,1,0,0,0,0,,1,0,0,0,0,0,1,0,0,1,11/28/1969,"12,625.00",34.59,Steamhammer,1.00,0.00
In the Year of the Wolf,Inferno,6/22/2004,9,4,17,257,734438,338,95,1,0,1,0,0,0,0,,1,0,0,0,0,0,1,0,0,1,11/28/1969,"12,625.00",34.59,Steamhammer,0.00,0.00
Keys to the Kingdom,Inferno,6/22/2004,10,4,46,286,532660,269,95,1,0,1,0,0,0,0,,1,0,0,0,0,0,1,0,0,1,11/28/1969,"12,625.00",34.59,Steamhammer,0.00,0.00
Smiling Like a Killer,Inferno,6/22/2004,11,2,44,164,1497641,284,95,1,0,1,0,0,0,0,,1,0,0,0,0,0,1,0,0,1,11/28/1969,"12,625.00",34.59,Steamhammer,0.00,0.00
Whorehouse Blues,Inferno,6/22/2004,12,3,52,232,5262640,190,95,1,0,1,0,0,0,0,,1,0,0,0,0,0,1,0,0,1,11/28/1969,"12,625.00",34.59,Steamhammer,0.00,1.00
Sucker,Kiss of Death,8/29/2006,1,2,59,179,819361,247,45,1,0,1,1,0,0,0,,1,0,0,0,0,0,1,0,0,1,11/28/1969,"13,423.00",36.78,Steamhammer,0.00,0.00
One Night Stand,Kiss of Death,8/29/2006,2,3,5,185,683587,242,45,1,0,1,1,0,0,0,,1,0,0,0,0,0,1,0,0,1,11/28/1969,"13,423.00",36.78,Steamhammer,0.00,0.00
Devil I Know,Kiss of Death,8/29/2006,3,3,0,180,624731,212,45,1,0,1,1,0,0,0,,1,0,0,0,0,0,1,0,0,1,11/28/1969,"13,423.00",36.78,Steamhammer,0.00,0.00
Trigger,Kiss of Death,8/29/2006,4,3,53,233,689245,232,45,1,0,1,1,0,0,0,,1,0,0,0,0,0,1,0,0,1,11/28/1969,"13,423.00",36.78,Steamhammer,0.00,0.00
Under the Gun,Kiss of Death,8/29/2006,5,4,44,284,449805,251,45,1,0,1,1,0,0,0,,1,0,0,0,0,0,1,0,0,1,11/28/1969,"13,423.00",36.78,Steamhammer,0.00,0.00
God Was Never on Your Side,Kiss of Death,8/29/2006,6,4,21,261,22591409,244,45,1,0,1,1,0,0,0,,1,0,0,0,0,0,1,0,0,1,11/28/1969,"13,423.00",36.78,Steamhammer,0.00,0.00
Living in the Past,Kiss of Death,8/29/2006,7,3,45,225,553691,323,45,1,0,1,1,0,0,0,,1,0,0,0,0,0,1,0,0,1,11/28/1969,"13,423.00",36.78,Steamhammer,0.00,0.00
Christine,Kiss of Death,8/29/2006,8,3,42,222,514550,271,45,1,0,1,1,0,0,0,,1,0,0,0,0,0,1,0,0,1,11/28/1969,"13,423.00",36.78,Steamhammer,0.00,0.00
Sword of Glory,Kiss of Death,8/29/2006,9,3,57,237,523778,281,45,1,0,1,1,0,0,0,,1,0,0,0,0,0,1,0,0,1,11/28/1969,"13,423.00",36.78,Steamhammer,0.00,0.00
Be My Baby,Kiss of Death,8/29/2006,10,3,40,220,1269983,226,45,1,0,1,1,0,0,0,,1,0,0,0,0,0,1,0,0,1,11/28/1969,"13,423.00",36.78,Steamhammer,0.00,1.00
Kingdom of the Worm,Kiss of Death,8/29/2006,11,4,8,248,336262,319,45,1,0,1,1,0,0,1,0,1,0,0,0,0,0,1,0,0,1,11/28/1969,"13,423.00",36.78,Steamhammer,0.00,0.00
Going Down,Kiss of Death,8/29/2006,12,3,35,215,347482,224,45,1,0,1,1,0,0,0,,1,0,0,0,0,0,1,0,0,1,11/28/1969,"13,423.00",36.78,Steamhammer,0.00,0.00
R.A.M.O.N.E.S.,Kiss of Death,8/29/2006,13,1,22,82,1194552,115,45,1,0,1,1,0,0,0,,1,0,0,0,0,0,1,0,0,1,11/28/1969,"13,423.00",36.78,Steamhammer,0.00,0.00
Runaround Man,Motorizer,8/26/2008,1,2,56,176,877788,378,32,1,0,1,1,0,0,0,,1,0,0,0,0,0,1,0,0,1,11/28/1969,"14,151.00",38.77,Steamhammer,0.00,0.00
Teach You How to Sing the Blues,Motorizer,8/26/2008,2,3,2,182,793249,302,32,1,0,1,1,0,0,0,,1,0,0,0,0,0,1,0,0,1,11/28/1969,"14,151.00",38.77,Steamhammer,1.00,0.00
When the Eagle Screams,Motorizer,8/26/2008,3,3,43,223,443641,321,32,1,0,1,1,0,0,0,,1,0,0,0,0,0,1,0,0,1,11/28/1969,"14,151.00",38.77,Steamhammer,0.00,0.00
Rock Out,Motorizer,8/26/2008,4,2,6,126,4464467,179,32,1,0,1,1,0,0,1,0,1,0,0,0,0,0,1,0,0,1,11/28/1969,"14,151.00",38.77,Steamhammer,0.00,1.00
One Short Life,Motorizer,8/26/2008,5,4,0,240,487903,295,32,1,0,1,1,0,0,0,,1,0,0,0,0,0,1,0,0,1,11/28/1969,"14,151.00",38.77,Steamhammer,0.00,0.00
Buried Life,Motorizer,8/26/2008,6,3,12,192,471135,171,32,1,0,1,1,0,0,0,,1,0,0,0,0,0,1,0,0,1,11/28/1969,"14,151.00",38.77,Steamhammer,0.00,0.00
English Rose,Motorizer,8/26/2008,7,3,33,213,424547,293,32,1,0,1,1,0,0,0,,1,0,0,0,0,0,1,0,0,1,11/28/1969,"14,151.00",38.77,Steamhammer,0.00,0.00
Back on the Chain,Motorizer,8/26/2008,8,3,24,204,332420,285,32,1,0,1,1,0,0,0,,1,0,0,0,0,0,1,0,0,1,11/28/1969,"14,151.00",38.77,Steamhammer,0.00,0.00
Heroes,Motorizer,8/26/2008,9,4,54,294,486157,352,32,1,0,1,1,0,0,0,,1,0,0,0,0,0,1,0,0,1,11/28/1969,"14,151.00",38.77,Steamhammer,0.00,0.00
Time Is Right,Motorizer,8/26/2008,10,3,13,193,290905,312,32,1,0,1,1,0,0,0,,1,0,0,0,0,0,1,0,0,1,11/28/1969,"14,151.00",38.77,Steamhammer,0.00,0.00
The Thousand Names of God,Motorizer,8/26/2008,11,4,33,273,388492,357,32,1,0,1,1,0,0,0,,1,0,0,0,0,0,1,0,0,1,11/28/1969,"14,151.00",38.77,Steamhammer,0.00,0.00
Born To Lose,The World Is Yours,12/14/2010,1,4,1,241,3425861,271,45,1,0,1,1,1,0,0,,1,0,0,0,0,0,1,0,0,1,11/28/1969,"14,991.00",41.07,UDR,0.00,0.00
I Know How to Die,The World Is Yours,12/14/2010,2,3,19,199,1610209,217,45,1,0,1,1,1,0,1,0,1,0,0,0,0,0,1,0,0,1,11/28/1969,"14,991.00",41.07,UDR,0.00,1.00
Get Back In Line,The World Is Yours,12/14/2010,3,3,35,215,1294517,256,45,1,0,1,1,1,0,1,0,1,0,0,0,0,0,1,0,0,1,11/28/1969,"14,991.00",41.07,UDR,0.00,0.00
Devils In My Head,The World Is Yours,12/14/2010,4,4,21,261,872800,314,45,1,0,1,1,1,0,0,,1,0,0,0,0,0,1,0,0,1,11/28/1969,"14,991.00",41.07,UDR,0.00,0.00
Rock 'N' Roll Music,The World Is Yours,12/14/2010,5,4,25,265,1044375,377,45,1,0,1,1,1,0,0,,1,0,0,0,0,0,1,0,0,1,11/28/1969,"14,991.00",41.07,UDR,0.00,0.00
Waiting For The Snake,The World Is Yours,12/14/2010,6,3,41,221,589161,266,45,1,0,1,1,1,0,0,,1,0,0,0,0,0,1,0,0,1,11/28/1969,"14,991.00",41.07,UDR,0.00,0.00
Brotherhood Of Man,The World Is Yours,12/14/2010,7,5,15,315,5255171,244,45,1,0,1,1,1,0,0,,1,0,0,0,0,0,1,0,0,1,11/28/1969,"14,991.00",41.07,UDR,0.00,0.00
Outlaw,The World Is Yours,12/14/2010,8,3,30,210,810338,236,45,1,0,1,1,1,0,0,,1,0,0,0,0,0,1,0,0,1,11/28/1969,"14,991.00",41.07,UDR,0.00,0.00
I Know What You Need,The World Is Yours,12/14/2010,9,2,58,178,521691,259,45,1,0,1,1,1,0,0,,1,0,0,0,0,0,1,0,0,1,11/28/1969,"14,991.00",41.07,UDR,0.00,0.00
Bye Bye Bitch Bye Bye,The World Is Yours,12/14/2010,10,4,4,244,1313002,249,45,1,0,1,1,1,0,0,,1,0,0,0,0,0,1,0,0,1,11/28/1969,"14,991.00",41.07,UDR,0.00,0.00
Heartbreaker,Aftershock,11/21/2013,1,3,5,185,5019953,245,115,1,0,1,1,1,0,0,,1,0,0,0,0,0,1,0,0,1,11/28/1969,"16,064.00",44.01,UDR,0.00,1.00
Coup de Grace,Aftershock,11/21/2013,2,3,45,225,1876843,247,115,1,0,1,1,1,0,0,,1,0,0,0,0,0,1,0,0,1,11/28/1969,"16,064.00",44.01,UDR,0.00,0.00
Lost Woman Blues,Aftershock,11/21/2013,3,4,9,249,3852372,171,115,1,0,1,1,1,0,0,,1,0,0,0,0,0,1,0,0,1,11/28/1969,"16,064.00",44.01,UDR,0.00,1.00
End Of Time,Aftershock,11/21/2013,4,3,17,197,1882616,202,115,1,0,1,1,1,0,0,,1,0,0,0,0,0,1,0,0,1,11/28/1969,"16,064.00",44.01,UDR,0.00,0.00
Do You Believe,Aftershock,11/21/2013,5,2,59,179,1227207,139,115,1,0,1,1,1,0,0,,1,0,0,0,0,0,1,0,0,1,11/28/1969,"16,064.00",44.01,UDR,0.00,0.00
Death Machine,Aftershock,11/21/2013,6,2,37,157,1187738,161,115,1,0,1,1,1,0,0,,1,0,0,0,0,0,1,0,0,1,11/28/1969,"16,064.00",44.01,UDR,0.00,0.00
Dust and Glass,Aftershock,11/21/2013,7,2,51,171,1259917,63,115,1,0,1,1,1,0,0,,1,0,0,0,0,0,1,0,0,1,11/28/1969,"16,064.00",44.01,UDR,0.00,0.00
Going To Mexico,Aftershock,11/21/2013,8,2,51,171,1426480,197,115,1,0,1,1,1,0,0,,1,0,0,0,0,0,1,0,0,1,11/28/1969,"16,064.00",44.01,UDR,0.00,0.00
Silence When You Speak To Me,Aftershock,11/21/2013,9,4,30,270,1091531,213,115,1,0,1,1,1,0,0,,1,0,0,0,0,0,1,0,0,1,11/28/1969,"16,064.00",44.01,UDR,0.00,0.00
Criyng Shame,Aftershock,11/21/2013,10,4,28,268,978506,223,115,1,0,1,1,1,0,1,0,1,0,0,0,0,0,1,0,0,1,11/28/1969,"16,064.00",44.01,UDR,0.00,0.00
Queen Of The Damned,Aftershock,11/21/2013,11,2,40,160,1166660,196,115,1,0,1,1,1,0,0,,1,0,0,0,0,0,1,0,0,1,11/28/1969,"16,064.00",44.01,UDR,0.00,0.00
Knife,Aftershock,11/21/2013,12,2,57,177,970547,156,115,1,0,1,1,1,0,0,,1,0,0,0,0,0,1,0,0,1,11/28/1969,"16,064.00",44.01,UDR,0.00,0.00
Keep Your Powder Dry,Aftershock,11/21/2013,13,3,54,234,853854,258,115,1,0,1,1,1,0,0,,1,0,0,0,0,0,1,0,0,1,11/28/1969,"16,064.00",44.01,UDR,0.00,0.00
Paralyzed,Aftershock,11/21/2013,14,2,50,170,914762,187,115,1,0,1,1,1,0,0,,1,0,0,0,0,0,1,0,0,1,11/28/1969,"16,064.00",44.01,UDR,0.00,0.00
Victory Or Die,Bad Magic,8/28/2015,1,3,8,188,7487027,285,10,1,0,1,1,0,0,0,,1,0,0,0,0,0,1,0,0,1,11/28/1969,"16,709.00",45.78,UDR,0.00,0.00
Thunder & Lightning,Bad Magic,8/28/2015,2,3,6,186,8198446,232,10,1,0,1,1,0,0,1,0,1,0,0,0,0,0,1,0,0,1,11/28/1969,"16,709.00",45.78,UDR,0.00,0.00
Fire Storm Hotel,Bad Magic,8/28/2015,3,3,35,215,2208856,222,10,1,0,1,1,0,0,0,,1,0,0,0,0,0,1,0,0,1,11/28/1969,"16,709.00",45.78,UDR,0.00,0.00
Shoot Out All of Your Lights,Bad Magic,8/28/2015,4,3,14,194,1953899,277,10,1,0,1,1,0,0,0,,1,0,0,0,0,0,1,0,0,1,11/28/1969,"16,709.00",45.78,UDR,0.00,0.00
The Devil,Bad Magic,8/28/2015,5,2,53,173,1765963,164,10,1,0,1,1,0,0,0,,1,0,0,0,0,0,1,0,0,1,11/28/1969,"16,709.00",45.78,UDR,0.00,0.00
Electricity,Bad Magic,8/28/2015,6,2,16,136,2235460,182,10,1,0,1,1,0,0,1,0,1,0,0,0,0,0,1,0,0,1,11/28/1969,"16,709.00",45.78,UDR,0.00,1.00
Evil Eye,Bad Magic,8/28/2015,7,2,20,140,1510504,203,10,1,0,1,1,0,0,0,,1,0,0,0,0,0,1,0,0,1,11/28/1969,"16,709.00",45.78,UDR,0.00,0.00
Teach Them How To Bleed,Bad Magic,8/28/2015,8,3,12,192,1309950,229,10,1,0,1,1,0,0,0,,1,0,0,0,0,0,1,0,0,1,11/28/1969,"16,709.00",45.78,UDR,0.00,0.00
Till The End,Bad Magic,8/28/2015,9,4,5,245,6153997,229,10,1,0,1,1,0,0,0,,1,0,0,0,0,0,1,0,0,1,11/28/1969,"16,709.00",45.78,UDR,0.00,0.00
Tell Me Who To Kill,Bad Magic,8/28/2015,10,2,57,177,1466625,212,10,1,0,1,1,0,0,0,,1,0,0,0,0,0,1,0,0,1,11/28/1969,"16,709.00",45.78,UDR,0.00,0.00
Choking On Your Screams ,Bad Magic,8/28/2015,11,3,32,212,1138241,202,10,1,0,1,1,0,0,0,,1,0,0,0,0,0,1,0,0,1,11/28/1969,"16,709.00",45.78,UDR,0.00,0.00
When The Sky Comes Looking For You,Bad Magic,8/28/2015,12,2,58,178,2521421,186,10,1,0,1,1,0,0,0,,1,0,0,0,0,0,1,0,0,1,11/28/1969,"16,709.00",45.78,UDR,0.00,1.00
Sympathy For The Devil,Bad Magic,8/28/2015,13,5,24,324,17569905,319,10,1,0,1,1,0,1,0,,1,0,0,0,0,0,1,0,0,1,11/28/1969,"16,709.00",45.78,UDR,0.00,0.00
,,,,,,,,,,,,,,,,,,,,,,,,,,,,,,,,,
,,,,,,,,,,,,,,,,,,,,,,,,,,,,,,,,,
,,,,,,,,,,,,,,,,,,,,,,,,,,,,,,,,,
,,,,,,,,,,,,,,,,,,,,,,,,,,,,,,,,,
,,,,,,,,,,,,,,,,,,,,,,,,,,,,,,,,,
,,,,,,,,,,,,,,,,,,,,,,,,,,,,,,,,,
,,,,,,,,,,,,,,,,,,,,,,,,,,,,,,,,,
,,,,,,,,,,,,,,,,,,,,,,,,,,,,,,,,,
,,,,,,,,,,,,,,,,,,,,,,,,,,,,,,,,,
,,,,,,,,,,,,,,,,,,,,,,,,,,,,,,,,,
,,,,,,,,,,,,,,,,,,,,,,,,,,,,,,,,,
,,,,,,,,,,,,,,,,,,,,,,,,,,,,,,,,,
,,,,,,,,,,,,,,,,,,,,,,,,,,,,,,,,,
,,,,,,,,,,,,,,,,,,,,,,,,,,,,,,,,,
,,,,,,,,,,,,,,,,,,,,,,,,,,,,,,,,,
,,,,,,,,,,,,,,,,,,,,,,,,,,,,,,,,,
,,,,,,,,,,,,,,,,,,,,,,,,,,,,,,,,,
,,,,,,,,,,,,,,,,,,,,,,,,,,,,,,,,,
,,,,,,,,,,,,,,,,,,,,,,,,,,,,,,,,,
,,,,,,,,,,,,,,,,,,,,,,,,,,,,,,,,,
,,,,,,,,,,,,,,,,,,,,,,,,,,,,,,,,,
,,,,,,,,,,,,,,,,,,,,,,,,,,,,,,,,,
,,,,,,,,,,,,,,,,,,,,,,,,,,,,,,,,,
,,,,,,,,,,,,,,,,,,,,,,,,,,,,,,,,,
,,,,,,,,,,,,,,,,,,,,,,,,,,,,,,,,,
,,,,,,,,,,,,,,,,,,,,,,,,,,,,,,,,,
,,,,,,,,,,,,,,,,,,,,,,,,,,,,,,,,,
,,,,,,,,,,,,,,,,,,,,,,,,,,,,,,,,,
,,,,,,,,,,,,,,,,,,,,,,,,,,,,,,,,,
,,,,,,,,,,,,,,,,,,,,,,,,,,,,,,,,,
,,,,,,,,,,,,,,,,,,,,,,,,,,,,,,,,,
,,,,,,,,,,,,,,,,,,,,,,,,,,,,,,,,,
,,,,,,,,,,,,,,,,,,,,,,,,,,,,,,,,,
,,,,,,,,,,,,,,,,,,,,,,,,,,,,,,,,,
,,,,,,,,,,,,,,,,,,,,,,,,,,,,,,,,,
,,,,,,,,,,,,,,,,,,,,,,,,,,,,,,,,,
,,,,,,,,,,,,,,,,,,,,,,,,,,,,,,,,,
,,,,,,,,,,,,,,,,,,,,,,,,,,,,,,,,,
,,,,,,,,,,,,,,,,,,,,,,,,,,,,,,,,,
,,,,,,,,,,,,,,,,,,,,,,,,,,,,,,,,,
,,,,,,,,,,,,,,,,,,,,,,,,,,,,,,,,,
,,,,,,,,,,,,,,,,,,,,,,,,,,,,,,,,,
,,,,,,,,,,,,,,,,,,,,,,,,,,,,,,,,,
,,,,,,,,,,,,,,,,,,,,,,,,,,,,,,,,,
,,,,,,,,,,,,,,,,,,,,,,,,,,,,,,,,,
,,,,,,,,,,,,,,,,,,,,,,,,,,,,,,,,,
,,,,,,,,,,,,,,,,,,,,,,,,,,,,,,,,,
,,,,,,,,,,,,,,,,,,,,,,,,,,,,,,,,,
,,,,,,,,,,,,,,,,,,,,,,,,,,,,,,,,,
,,,,,,,,,,,,,,,,,,,,,,,,,,,,,,,,,
,,,,,,,,,,,,,,,,,,,,,,,,,,,,,,,,,
,,,,,,,,,,,,,,,,,,,,,,,,,,,,,,,,,
,,,,,,,,,,,,,,,,,,,,,,,,,,,,,,,,,
,,,,,,,,,,,,,,,,,,,,,,,,,,,,,,,,,
,,,,,,,,,,,,,,,,,,,,,,,,,,,,,,,,,
,,,,,,,,,,,,,,,,,,,,,,,,,,,,,,,,,
,,,,,,,,,,,,,,,,,,,,,,,,,,,,,,,,,
,,,,,,,,,,,,,,,,,,,,,,,,,,,,,,,,,
,,,,,,,,,,,,,,,,,,,,,,,,,,,,,,,,,
,,,,,,,,,,,,,,,,,,,,,,,,,,,,,,,,,
,,,,,,,,,,,,,,,,,,,,,,,,,,,,,,,,,
,,,,,,,,,,,,,,,,,,,,,,,,,,,,,,,,,
,,,,,,,,,,,,,,,,,,,,,,,,,,,,,,,,,
,,,,,,,,,,,,,,,,,,,,,,,,,,,,,,,,,
,,,,,,,,,,,,,,,,,,,,,,,,,,,,,,,,,
,,,,,,,,,,,,,,,,,,,,,,,,,,,,,,,,,
,,,,,,,,,,,,,,,,,,,,,,,,,,,,,,,,,
,,,,,,,,,,,,,,,,,,,,,,,,,,,,,,,,,
,,,,,,,,,,,,,,,,,,,,,,,,,,,,,,,,,
,,,,,,,,,,,,,,,,,,,,,,,,,,,,,,,,,
,,,,,,,,,,,,,,,,,,,,,,,,,,,,,,,,,
,,,,,,,,,,,,,,,,,,,,,,,,,,,,,,,,,
,,,,,,,,,,,,,,,,,,,,,,,,,,,,,,,,,
,,,,,,,,,,,,,,,,,,,,,,,,,,,,,,,,,
,,,,,,,,,,,,,,,,,,,,,,,,,,,,,,,,,
,,,,,,,,,,,,,,,,,,,,,,,,,,,,,,,,,
,,,,,,,,,,,,,,,,,,,,,,,,,,,,,,,,,
,,,,,,,,,,,,,,,,,,,,,,,,,,,,,,,,,
,,,,,,,,,,,,,,,,,,,,,,,,,,,,,,,,,
,,,,,,,,,,,,,,,,,,,,,,,,,,,,,,,,,
,,,,,,,,,,,,,,,,,,,,,,,,,,,,,,,,,
,,,,,,,,,,,,,,,,,,,,,,,,,,,,,,,,,
,,,,,,,,,,,,,,,,,,,,,,,,,,,,,,,,,
,,,,,,,,,,,,,,,,,,,,,,,,,,,,,,,,,
,,,,,,,,,,,,,,,,,,,,,,,,,,,,,,,,,
,,,,,,,,,,,,,,,,,,,,,,,,,,,,,,,,,
,,,,,,,,,,,,,,,,,,,,,,,,,,,,,,,,,
,,,,,,,,,,,,,,,,,,,,,,,,,,,,,,,,,
,,,,,,,,,,,,,,,,,,,,,,,,,,,,,,,,,
,,,,,,,,,,,,,,,,,,,,,,,,,,,,,,,,,
,,,,,,,,,,,,,,,,,,,,,,,,,,,,,,,,,
,,,,,,,,,,,,,,,,,,,,,,,,,,,,,,,,,
,,,,,,,,,,,,,,,,,,,,,,,,,,,,,,,,,
,,,,,,,,,,,,,,,,,,,,,,,,,,,,,,,,,
,,,,,,,,,,,,,,,,,,,,,,,,,,,,,,,,,
,,,,,,,,,,,,,,,,,,,,,,,,,,,,,,,,,
,,,,,,,,,,,,,,,,,,,,,,,,,,,,,,,,,
,,,,,,,,,,,,,,,,,,,,,,,,,,,,,,,,,
,,,,,,,,,,,,,,,,,,,,,,,,,,,,,,,,,
,,,,,,,,,,,,,,,,,,,,,,,,,,,,,,,,,
,,,,,,,,,,,,,,,,,,,,,,,,,,,,,,,,,
,,,,,,,,,,,,,,,,,,,,,,,,,,,,,,,,,
,,,,,,,,,,,,,,,,,,,,,,,,,,,,,,,,,
,,,,,,,,,,,,,,,,,,,,,,,,,,,,,,,,,
,,,,,,,,,,,,,,,,,,,,,,,,,,,,,,,,,
,,,,,,,,,,,,,,,,,,,,,,,,,,,,,,,,,
,,,,,,,,,,,,,,,,,,,,,,,,,,,,,,,,,
,,,,,,,,,,,,,,,,,,,,,,,,,,,,,,,,,
,,,,,,,,,,,,,,,,,,,,,,,,,,,,,,,,,
,,,,,,,,,,,,,,,,,,,,,,,,,,,,,,,,,
,,,,,,,,,,,,,,,,,,,,,,,,,,,,,,,,,
,,,,,,,,,,,,,,,,,,,,,,,,,,,,,,,,,
,,,,,,,,,,,,,,,,,,,,,,,,,,,,,,,,,
,,,,,,,,,,,,,,,,,,,,,,,,,,,,,,,,,
,,,,,,,,,,,,,,,,,,,,,,,,,,,,,,,,,
,,,,,,,,,,,,,,,,,,,,,,,,,,,,,,,,,
,,,,,,,,,,,,,,,,,,,,,,,,,,,,,,,,,
,,,,,,,,,,,,,,,,,,,,,,,,,,,,,,,,,
,,,,,,,,,,,,,,,,,,,,,,,,,,,,,,,,,
,,,,,,,,,,,,,,,,,,,,,,,,,,,,,,,,,
,,,,,,,,,,,,,,,,,,,,,,,,,,,,,,,,,
,,,,,,,,,,,,,,,,,,,,,,,,,,,,,,,,,
,,,,,,,,,,,,,,,,,,,,,,,,,,,,,,,,,
,,,,,,,,,,,,,,,,,,,,,,,,,,,,,,,,,
,,,,,,,,,,,,,,,,,,,,,,,,,,,,,,,,,
,,,,,,,,,,,,,,,,,,,,,,,,,,,,,,,,,
,,,,,,,,,,,,,,,,,,,,,,,,,,,,,,,,,
,,,,,,,,,,,,,,,,,,,,,,,,,,,,,,,,,
,,,,,,,,,,,,,,,,,,,,,,,,,,,,,,,,,
,,,,,,,,,,,,,,,,,,,,,,,,,,,,,,,,,
,,,,,,,,,,,,,,,,,,,,,,,,,,,,,,,,,
,,,,,,,,,,,,,,,,,,,,,,,,,,,,,,,,,
,,,,,,,,,,,,,,,,,,,,,,,,,,,,,,,,,
,,,,,,,,,,,,,,,,,,,,,,,,,,,,,,,,,
,,,,,,,,,,,,,,,,,,,,,,,,,,,,,,,,,
,,,,,,,,,,,,,,,,,,,,,,,,,,,,,,,,,
,,,,,,,,,,,,,,,,,,,,,,,,,,,,,,,,,
,,,,,,,,,,,,,,,,,,,,,,,,,,,,,,,,,
,,,,,,,,,,,,,,,,,,,,,,,,,,,,,,,,,
,,,,,,,,,,,,,,,,,,,,,,,,,,,,,,,,,
,,,,,,,,,,,,,,,,,,,,,,,,,,,,,,,,,
,,,,,,,,,,,,,,,,,,,,,,,,,,,,,,,,,
,,,,,,,,,,,,,,,,,,,,,,,,,,,,,,,,,
,,,,,,,,,,,,,,,,,,,,,,,,,,,,,,,,,
,,,,,,,,,,,,,,,,,,,,,,,,,,,,,,,,,
,,,,,,,,,,,,,,,,,,,,,,,,,,,,,,,,,
,,,,,,,,,,,,,,,,,,,,,,,,,,,,,,,,,
,,,,,,,,,,,,,,,,,,,,,,,,,,,,,,,,,
,,,,,,,,,,,,,,,,,,,,,,,,,,,,,,,,,
,,,,,,,,,,,,,,,,,,,,,,,,,,,,,,,,,
,,,,,,,,,,,,,,,,,,,,,,,,,,,,,,,,,
,,,,,,,,,,,,,,,,,,,,,,,,,,,,,,,,,
,,,,,,,,,,,,,,,,,,,,,,,,,,,,,,,,,
,,,,,,,,,,,,,,,,,,,,,,,,,,,,,,,,,
,,,,,,,,,,,,,,,,,,,,,,,,,,,,,,,,,
,,,,,,,,,,,,,,,,,,,,,,,,,,,,,,,,,
,,,,,,,,,,,,,,,,,,,,,,,,,,,,,,,,,
,,,,,,,,,,,,,,,,,,,,,,,,,,,,,,,,,
,,,,,,,,,,,,,,,,,,,,,,,,,,,,,,,,,
,,,,,,,,,,,,,,,,,,,,,,,,,,,,,,,,,
,,,,,,,,,,,,,,,,,,,,,,,,,,,,,,,,,
,,,,,,,,,,,,,,,,,,,,,,,,,,,,,,,,,
,,,,,,,,,,,,,,,,,,,,,,,,,,,,,,,,,
,,,,,,,,,,,,,,,,,,,,,,,,,,,,,,,,,
,,,,,,,,,,,,,,,,,,,,,,,,,,,,,,,,,
,,,,,,,,,,,,,,,,,,,,,,,,,,,,,,,,,
,,,,,,,,,,,,,,,,,,,,,,,,,,,,,,,,,
,,,,,,,,,,,,,,,,,,,,,,,,,,,,,,,,,
,,,,,,,,,,,,,,,,,,,,,,,,,,,,,,,,,
,,,,,,,,,,,,,,,,,,,,,,,,,,,,,,,,,
,,,,,,,,,,,,,,,,,,,,,,,,,,,,,,,,,
,,,,,,,,,,,,,,,,,,,,,,,,,,,,,,,,,
,,,,,,,,,,,,,,,,,,,,,,,,,,,,,,,,,
,,,,,,,,,,,,,,,,,,,,,,,,,,,,,,,,,
,,,,,,,,,,,,,,,,,,,,,,,,,,,,,,,,,
,,,,,,,,,,,,,,,,,,,,,,,,,,,,,,,,,
,,,,,,,,,,,,,,,,,,,,,,,,,,,,,,,,,
,,,,,,,,,,,,,,,,,,,,,,,,,,,,,,,,,
,,,,,,,,,,,,,,,,,,,,,,,,,,,,,,,,,
,,,,,,,,,,,,,,,,,,,,,,,,,,,,,,,,,
,,,,,,,,,,,,,,,,,,,,,,,,,,,,,,,,,
,,,,,,,,,,,,,,,,,,,,,,,,,,,,,,,,,
,,,,,,,,,,,,,,,,,,,,,,,,,,,,,,,,,
,,,,,,,,,,,,,,,,,,,,,,,,,,,,,,,,,
,,,,,,,,,,,,,,,,,,,,,,,,,,,,,,,,,
,,,,,,,,,,,,,,,,,,,,,,,,,,,,,,,,,
,,,,,,,,,,,,,,,,,,,,,,,,,,,,,,,,,
,,,,,,,,,,,,,,,,,,,,,,,,,,,,,,,,,
,,,,,,,,,,,,,,,,,,,,,,,,,,,,,,,,,
,,,,,,,,,,,,,,,,,,,,,,,,,,,,,,,,,
,,,,,,0,,,,,,,,,,,,,,,,,,,,,,,,,,,
,,,,,,0,,,,,,,,,,,,,,,,,,,,,,,,,,,
,,,,,,0,,,,,,,,,,,,,,,,,,,,,,,,,,,
,,,,,,0,,,,,,,,,,,,,,,,,,,,,,,,,,,
,,,,,,0,,,,,,,,,,,,,,,,,,,,,,,,,,,
,,,,,,0,,,,,,,,,,,,,,,,,,,,,,,,,,,
,,,,,,0,,,,,,,,,,,,,,,,,,,,,,,,,,,
,,,,,,0,,,,,,,,,,,,,,,,,,,,,,,,,,,
,,,,,,0,,,,,,,,,,,,,,,,,,,,,,,,,,,
,,,,,,0,,,,,,,,,,,,,,,,,,,,,,,,,,,
,,,,,,0,,,,,,,,,,,,,,,,,,,,,,,,,,,
,,,,,,0,,,,,,,,,,,,,,,,,,,,,,,,,,,
,,,,,,0,,,,,,,,,,,,,,,,,,,,,,,,,,,
,,,,,,0,,,,,,,,,,,,,,,,,,,,,,,,,,,
,,,,,,0,,,,,,,,,,,,,,,,,,,,,,,,,,,
,,,,,,0,,,,,,,,,,,,,,,,,,,,,,,,,,,
,,,,,,0,,,,,,,,,,,,,,,,,,,,,,,,,,,
,,,,,,0,,,,,,,,,,,,,,,,,,,,,,,,,,,
,,,,,,0,,,,,,,,,,,,,,,,,,,,,,,,,,,
,,,,,,0,,,,,,,,,,,,,,,,,,,,,,,,,,,
,,,,,,0,,,,,,,,,,,,,,,,,,,,,,,,,,,
,,,,,,0,,,,,,,,,,,,,,,,,,,,,,,,,,,
,,,,,,0,,,,,,,,,,,,,,,,,,,,,,,,,,,
,,,,,,0,,,,,,,,,,,,,,,,,,,,,,,,,,,
,,,,,,0,,,,,,,,,,,,,,,,,,,,,,,,,,,
,,,,,,0,,,,,,,,,,,,,,,,,,,,,,,,,,,
,,,,,,0,,,,,,,,,,,,,,,,,,,,,,,,,,,
,,,,,,0,,,,,,,,,,,,,,,,,,,,,,,,,,,
,,,,,,0,,,,,,,,,,,,,,,,,,,,,,,,,,,
,,,,,,0,,,,,,,,,,,,,,,,,,,,,,,,,,,
,,,,,,0,,,,,,,,,,,,,,,,,,,,,,,,,,,
,,,,,,0,,,,,,,,,,,,,,,,,,,,,,,,,,,
,,,,,,0,,,,,,,,,,,,,,,,,,,,,,,,,,,
,,,,,,0,,,,,,,,,,,,,,,,,,,,,,,,,,,
,,,,,,0,,,,,,,,,,,,,,,,,,,,,,,,,,,
,,,,,,0,,,,,,,,,,,,,,,,,,,,,,,,,,,
,,,,,,0,,,,,,,,,,,,,,,,,,,,,,,,,,,
,,,,,,0,,,,,,,,,,,,,,,,,,,,,,,,,,,
,,,,,,0,,,,,,,,,,,,,,,,,,,,,,,,,,,
,,,,,,0,,,,,,,,,,,,,,,,,,,,,,,,,,,
,,,,,,0,,,,,,,,,,,,,,,,,,,,,,,,,,,
,,,,,,0,,,,,,,,,,,,,,,,,,,,,,,,,,,
,,,,,,0,,,,,,,,,,,,,,,,,,,,,,,,,,,
,,,,,,0,,,,,,,,,,,,,,,,,,,,,,,,,,,
,,,,,,0,,,,,,,,,,,,,,,,,,,,,,,,,,,
,,,,,,0,,,,,,,,,,,,,,,,,,,,,,,,,,,
,,,,,,0,,,,,,,,,,,,,,,,,,,,,,,,,,,
,,,,,,0,,,,,,,,,,,,,,,,,,,,,,,,,,,
,,,,,,0,,,,,,,,,,,,,,,,,,,,,,,,,,,
,,,,,,0,,,,,,,,,,,,,,,,,,,,,,,,,,,
,,,,,,0,,,,,,,,,,,,,,,,,,,,,,,,,,,
,,,,,,0,,,,,,,,,,,,,,,,,,,,,,,,,,,
,,,,,,0,,,,,,,,,,,,,,,,,,,,,,,,,,,
,,,,,,0,,,,,,,,,,,,,,,,,,,,,,,,,,,
,,,,,,0,,,,,,,,,,,,1,,0,,0,0,1,0,,,,,,,,
,,,,,,0,,,,,,,,,,,,1,,0,,0,0,1,0,,,,,,,,
,,,,,,0,,,,,,,,,,,,1,,0,,0,0,1,0,,,,,,,,
,,,,,,0,,,,,,,,,,,,1,0,0,0,0,0,1,0,,,,,,,,
,,,,,,0,,,,,,,,,,,,1,0,0,0,0,0,1,0,,,,,,,,
,,,,,,0,,,,,,,,,,,,1,0,0,0,0,0,1,0,,,,,,,,
,,,,,,0,,,,,,,,,,,,1,0,0,0,0,0,1,0,,,,,,,,
,,,,,,0,,,,,,,,,,,,1,0,0,0,0,0,1,0,,,,,,,,
,,,,,,0,,,,,,,,,,,,1,0,0,0,0,0,1,0,,,,,,,,
,,,,,,0,,,,,,,,,,,,1,0,0,0,0,0,1,0,,,,,,,,
,,,,,,0,,,,,,,,,,,,1,0,0,0,0,0,1,0,,,,,,,,
,,,,,,0,,,,,,,,,,,,1,0,0,0,0,0,1,0,,,,,,,,
,,,,,,0,,,,,,,,,,,,1,0,0,0,0,0,1,0,,,,,,,,
,,,,,,0,,,,,,,,,,,,1,0,0,0,0,0,1,0,,,,,,,,
,,,,,,0,,,,,,,,,,,,1,0,0,0,0,0,1,0,,,,,,,,
,,,,,,0,,,,,,,,,,,,1,0,0,,0,0,1,0,,,,,,,,
,,,,,,0,,,,,,,,,,,,1,0,0,,0,0,1,0,,,,,,,,
,,,,,,0,,,,,,,,,,,,1,0,0,,0,0,1,0,,,,,,,,
,,,,,,0,,,,,,,,,,,,1,0,0,,0,0,1,0,,,,,,,,
,,,,,,0,,,,,,,,,,,,1,0,0,,0,0,1,0,,,,,,,,
,,,,,,0,,,,,,,,,,,,1,0,0,,0,0,1,0,,,,,,,,
,,,,,,0,,,,,,,,,,,,1,0,0,,0,0,1,0,,,,,,,,
,,,,,,0,,,,,,,,,,,,1,0,0,,0,0,1,0,,,,,,,,
,,,,,,0,,,,,,,,,,,,1,0,0,,0,0,1,0,,,,,,,,
,,,,,,0,,,,,,,,,,,,1,0,0,,0,0,1,0,,,,,,,,
,,,,,,0,,,,,,,,,,,,1,,0,,0,0,1,0,,,,,,,,
,,,,,,0,,,,,,,,,,,,1,,0,,0,0,1,0,,,,,,,,
,,,,,,0,,,,,,,,,,,,1,,0,,0,0,1,0,,,,,,,,
,,,,,,0,,,,,,,,,,,,1,,0,,0,0,1,0,,,,,,,,
,,,,,,0,,,,,,,,,,,,1,,0,,0,0,1,0,,,,,,,,
,,,,,,0,,,,,,,,,,,,1,,0,,0,0,1,0,,,,,,,,
,,,,,,0,,,,,,,,,,,,1,,0,,0,0,1,0,,,,,,,,
,,,,,,0,,,,,,,,,,,,1,,0,,0,0,1,0,,,,,,,,
,,,,,,0,,,,,,,,,,,,1,,0,,0,0,1,0,,,,,,,,
,,,,,,0,,,,,,,,,,,,1,,0,,0,0,1,0,,,,,,,,
,,,,,,0,,,,,,,,,,,,1,,0,,0,0,1,0,,,,,,,,
,,,,,,0,,,,,,,,,,,,1,,0,,0,0,1,0,,,,,,,,
,,,,,,0,,,,,,,,,,,,1,,0,,0,0,1,0,,,,,,,,
,,,,,,0,,,,,,,,,,,,1,,0,,0,0,1,0,,,,,,,,
,,,,,,0,,,,,,,,,,,,1,,0,,0,0,1,0,,,,,,,,
,,,,,,0,,,,,,,,,,,,1,,0,,0,0,1,0,,,,,,,,
,,,,,,0,,,,,,,,,,,,1,,0,,0,0,1,0,,,,,,,,
,,,,,,0,,,,,,,,,,,,1,,0,,0,0,1,0,,,,,,,,
,,,,,,0,,,,,,,,,,,,1,,0,,0,0,1,0,,,,,,,,
,,,,,,0,,,,,,,,,,,,1,,0,,0,0,1,0,,,,,,,,
,,,,,,0,,,,,,,,,,,,1,,0,,0,0,1,0,,,,,,,,
,,,,,,0,,,,,,,,,,,,1,,0,,0,0,1,0,,,,,,,,
,,,,,,0,,,,,,,,,,,,1,,0,,0,0,1,0,,,,,,,,
,,,,,,0,,,,,,,,,,,,1,,0,,0,0,1,0,,,,,,,,
,,,,,,0,,,,,,,,,,,,1,,0,,0,0,1,0,,,,,,,,
,,,,,,0,,,,,,,,,,,,1,,0,,0,0,1,0,,,,,,,,
,,,,,,0,,,,,,,,,,,,1,,0,,0,0,1,0,,,,,,,,
,,,,,,0,,,,,,,,,,,,1,,0,,0,0,1,0,,,,,,,,
,,,,,,0,,,,,,,,,,,,1,,0,,0,0,1,0,,,,,,,,
,,,,,,0,,,,,,,,,,,,1,,0,,0,0,1,0,,,,,,,,
,,,,,,0,,,,,,,,,,,,1,,0,,0,0,1,0,,,,,,,,
,,,,,,0,,,,,,,,,,,,1,,0,,0,0,1,0,,,,,,,,
,,,,,,0,,,,,,,,,,,,1,,0,,0,0,1,0,,,,,,,,
,,,,,,0,,,,,,,,,,,,1,,0,,0,0,1,0,,,,,,,,
,,,,,,0,,,,,,,,,,,,1,,0,,0,0,1,0,,,,,,,,
,,,,,,0,,,,,,,,,,,,1,,0,,0,0,1,0,,,,,,,,
,,,,,,0,,,,,,,,,,,,1,,0,,0,0,1,0,,,,,,,,
,,,,,,0,,,,,,,,,,,,1,,0,,0,0,1,0,,,,,,,,
,,,,,,0,,,,,,,,,,,,1,,0,,0,0,1,0,,,,,,,,
,,,,,,0,,,,,,,,,,,,1,,0,,0,0,1,0,,,,,,,,
,,,,,,0,,,,,,,,,,,,1,,0,,0,0,1,0,,,,,,,,
,,,,,,0,,,,,,,,,,,,1,,0,,0,0,1,0,,,,,,,,
,,,,,,0,,,,,,,,,,,,1,,0,,0,0,1,0,,,,,,,,
,,,,,,0,,,,,,,,,,,,1,,0,,0,0,1,0,,,,,,,,
,,,,,,0,,,,,,,,,,,,1,,0,,0,0,1,0,,,,,,,,
,,,,,,0,,,,,,,,,,,,1,,0,,0,0,1,0,,,,,,,,
,,,,,,0,,,,,,,,,,,,1,,0,,0,0,1,0,,,,,,,,
,,,,,,0,,,,,,,,,,,,1,,0,,0,0,1,0,,,,,,,,
,,,,,,0,,,,,,,,,,,,1,,0,,0,0,1,0,,,,,,,,
,,,,,,0,,,,,,,,,,,,1,,0,,0,0,1,0,,,,,,,,
,,,,,,0,,,,,,,,,,,,1,,0,,0,0,1,0,,,,,,,,
,,,,,,0,,,,,,,,,,,,1,,0,,0,0,1,0,,,,,,,,
,,,,,,0,,,,,,,,,,,,1,,0,,0,0,1,0,,,,,,,,
,,,,,,0,,,,,,,,,,,,1,,0,,0,0,1,0,,,,,,,,
,,,,,,0,,,,,,,,,,,,1,,0,,0,0,1,0,,,,,,,,
,,,,,,0,,,,,,,,,,,,1,,0,,0,0,1,0,,,,,,,,
,,,,,,0,,,,,,,,,,,,1,,0,,0,0,1,0,,,,,,,,
,,,,,,0,,,,,,,,,,,,1,,0,,0,0,1,0,,,,,,,,
,,,,,,0,,,,,,,,,,,,1,,0,,0,0,1,0,,,,0.00,0.00,,,
,,,,,,0,,,,,,,,,,,,1,,0,,0,0,1,0,,,,0.00,0.00,,,
,,,,,,0,,,,,,,,,,,,1,,0,,0,0,1,0,,,,0.00,0.00,,,
,,,,,,0,,,,,,,,,,,,1,,0,,0,0,1,0,,,,0.00,0.00,,,
,,,,,,0,,,,,,,,,,,,1,,0,,0,0,1,0,,,,0.00,0.00,,,
,,,,,,0,,,,,,,,,,,,1,,0,,0,0,1,0,,,,0.00,0.00,,,
,,,,,,0,,,,,,,,,,,,1,,0,,0,0,1,0,,,,0.00,0.00,,,
,,,,,,0,,,,,,,,,,,,1,,0,,0,0,1,0,,,,0.00,0.00,,,
,,,,,,0,,,,,,,,,,,,1,,0,,0,0,1,0,,,,0.00,0.00,,,
,,,,,,0,,,,,,,,,,,,1,,0,,0,0,1,0,,,,0.00,0.00,,,
,,,,,,0,,,,,,,,,,,,1,,0,,0,0,1,0,,,,0.00,0.00,,,
,,,,,,0,,,,,,,,,,,,1,,0,,0,0,0,0,,,,0.00,0.00,,,
,,,,,,0,,,,,,,,,,,,1,,0,,0,0,0,0,,,,0.00,0.00,,,
,,,,,,0,,,,,,,,,,,,1,,0,,0,0,0,0,,,,0.00,0.00,,,
,,,,,,0,,,,,,,,,,,,1,,0,,0,0,0,0,,,,0.00,0.00,,,
,,,,,,0,,,,,,,,,,,,1,,0,,0,0,0,0,,,,0.00,0.00,,,
,,,,,,0,,,,,,,,,,,,1,,0,,0,0,0,0,0,0,11/28/1969,"-25,535.00",-69.96,,,
,,,,,,0,,,,,,,,,,,,1,,0,,0,0,0,0,0,0,11/28/1969,"-25,535.00",-69.96,,,
,,,,,,0,,,,,,,,,,,,1,,0,,0,0,0,0,0,0,11/28/1969,"-25,535.00",-69.96,,,
,,,,,,0,,,,,,,,,,,,1,,0,,0,0,0,0,0,0,11/28/1969,"-25,535.00",-69.96,,,
,,,,,,0,,,,,,,,,,,,1,,0,,0,0,0,0,0,0,11/28/1969,"-25,535.00",-69.96,,,
,,,,,,0,,,,,,,,,,,,1,,0,,0,0,0,0,0,0,11/28/1969,"-25,535.00",-69.96,,,
,,,,,,0,,,,,,,,,,,,1,,0,,0,0,0,0,0,0,11/28/1969,"-25,535.00",-69.96,,,
,,,,,,0,,,,,,,,,,,,1,,0,,0,0,0,0,0,0,11/28/1969,"-25,535.00",-69.96,,,
,,,,,,0,,,,,,,,,,,,1,,0,,0,0,0,0,0,0,11/28/1969,"-25,535.00",-69.96,,,
,,,,,,0,,,,,,,,,,,,1,,0,,0,0,0,0,0,0,11/28/1969,"-25,535.00",-69.96,,,
,,,,,,0,,,,,,,,,,,,1,,0,,0,0,0,0,0,0,11/28/1969,"-25,535.00",-69.96,,,
,,,,,,0,,,,,,,,,,,,1,,0,,0,0,0,0,0,0,11/28/1969,"-25,535.00",-69.96,,,
,,,,,,0,,,,,,,,,,,,1,,0,,0,0,0,0,0,0,11/28/1969,"-25,535.00",-69.96,,,
,,,,,,0,,,,,,,,,,,,1,,0,,0,0,0,0,0,0,11/28/1969,"-25,535.00",-69.96,,,
,,,,,,0,,,,,,,,,,,,1,,0,,0,0,0,0,0,0,11/28/1969,"-25,535.00",-69.96,,,
,,,,,,0,,,,,,,,,,,,1,,0,,0,0,0,0,0,0,11/28/1969,"-25,535.00",-69.96,,,
,,,,,,0,,,,,,,,,,,,1,,0,,0,0,0,0,0,0,11/28/1969,"-25,535.00",-69.96,,,
,,,,,,0,,,,,,,,,,,,1,,0,,0,0,0,0,0,0,11/28/1969,"-25,535.00",-69.96,,,
,,,,,,0,,,,,,,,,,,,1,,0,,0,0,0,0,0,0,11/28/1969,"-25,535.00",-69.96,,,
,,,,,,0,,,,,,,,,,,,1,,0,,0,0,0,0,0,0,11/28/1969,"-25,535.00",-69.96,,,
,,,,,,0,,,,,,,,,,,,1,,0,,0,0,0,0,0,0,11/28/1969,"-25,535.00",-69.96,,,
,,,,,,0,,,,,,,,,,,,1,,0,,0,0,0,0,0,0,11/28/1969,"-25,535.00",-69.96,,,
,,,,,,0,,,,,,,,,,,,1,,0,,0,0,0,0,0,0,11/28/1969,"-25,535.00",-69.96,,,
,,,,,,0,,,,,,,,,,,,1,,0,,0,0,0,0,0,0,11/28/1969,"-25,535.00",-69.96,,,
,,,,,,0,,,,,,,,,,,,1,,0,,0,0,0,0,0,0,11/28/1969,"-25,535.00",-69.96,,,
,,,,,,0,,,,,,,,,,,,1,,0,,0,0,0,0,0,0,11/28/1969,"-25,535.00",-69.96,,,
,,,,,,0,,,,,,,,,,,,1,,0,,0,0,0,0,0,0,11/28/1969,"-25,535.00",-69.96,,,
,,,,,,0,,,,,,,,,,,,1,,0,,0,0,0,0,0,0,11/28/1969,"-25,535.00",-69.96,,,
,,,,,,0,,,,,,,,,,,,1,,0,,0,0,0,0,0,0,11/28/1969,"-25,535.00",-69.96,,,
,,,,,,0,,,,,,,,,,,,1,,0,,0,0,0,0,0,0,11/28/1969,"-25,535.00",-69.96,,,
,,,,,,0,,,,,,,,,,,,1,,0,,0,0,0,0,0,0,11/28/1969,"-25,535.00",-69.96,,,
,,,,,,0,,,,,,,,,,,,1,,0,,0,0,0,0,0,0,11/28/1969,"-25,535.00",-69.96,,,
,,,,,,0,,,,,,,,,,,,1,,0,,0,0,0,0,0,0,11/28/1969,"-25,535.00",-69.96,,,
,,,,,,0,,,,,,,,,,,,1,,0,,0,0,0,0,0,0,11/28/1969,"-25,535.00",-69.96,,,
,,,,,,0,,,,,,,,,,,,1,,0,,0,0,0,0,0,0,11/28/1969,"-25,535.00",-69.96,,,
,,,,,,0,,,,,,,,,,,,1,,0,,0,0,0,0,0,0,11/28/1969,"-25,535.00",-69.96,,,
,,,,,,0,,,,,,,,,,,,1,,0,,0,0,0,0,0,0,11/28/1969,"-25,535.00",-69.96,,,
,,,,,,0,,,,,,,,,,,,1,,0,,0,0,0,0,0,0,11/28/1969,"-25,535.00",-69.96,,,
,,,,,,0,,,,,,,,,,,,1,,0,,0,0,0,0,0,0,11/28/1969,"-25,535.00",-69.96,,,
,,,,,,0,,,,,,,,,,,,1,,0,,0,0,0,0,0,0,11/28/1969,"-25,535.00",-69.96,,,
,,,,,,0,,,,,,,,,,,,1,,0,,0,0,0,0,0,0,11/28/1969,"-25,535.00",-69.96,,,
,,,,,,0,,,,,,,,,,,,1,,0,,0,0,0,0,0,0,11/28/1969,"-25,535.00",-69.96,,,
,,,,,,0,,,,,,,,,,,,1,,0,,0,0,0,0,0,0,11/28/1969,"-25,535.00",-69.96,,,
,,,,,,0,,,,,,,,,,,,1,,0,,0,0,0,0,0,0,11/28/1969,"-25,535.00",-69.96,,,
,,,,,,0,,,,,,,,,,,,1,,0,,0,0,0,0,0,0,11/28/1969,"-25,535.00",-69.96,,,
,,,,,,0,,,,,,,,,,,,1,,0,,0,0,0,0,0,0,11/28/1969,"-25,535.00",-69.96,,,
,,,,,,0,,,,,,,,,,,,1,,0,,0,0,0,0,0,0,11/28/1969,"-25,535.00",-69.96,,,
,,,,,,0,,,,,,,,,,,,1,,0,,0,0,0,0,0,0,11/28/1969,"-25,535.00",-69.96,,,
,,,,,,0,,,,,,,,,,,,1,,0,,0,0,0,0,0,0,11/28/1969,"-25,535.00",-69.96,,,
,,,,,,0,,,,,,,,,,,,1,,0,,0,0,0,0,0,0,11/28/1969,"-25,535.00",-69.96,,,
,,,,,,0,,,,,,,,,,,,1,,0,,0,0,0,0,0,0,11/28/1969,"-25,535.00",-69.96,,,
,,,,,,0,,,,,,,,,,,,1,,0,,0,0,0,0,0,0,11/28/1969,"-25,535.00",-69.96,,,
,,,,,,0,,,,,,,,,,,,1,,0,,0,0,0,0,0,0,11/28/1969,"-25,535.00",-69.96,,,
,,,,,,0,,,,,,,,,,,,1,,0,,0,0,0,0,0,0,11/28/1969,"-25,535.00",-69.96,,,
,,,,,,0,,,,,,,,,,,,1,,0,,0,0,0,0,0,0,11/28/1969,"-25,535.00",-69.96,,,
,,,,,,0,,,,,,,,,,,,1,,0,,0,0,0,0,0,0,11/28/1969,"-25,535.00",-69.96,,,
,,,,,,0,,,,,,,,,,,,1,,0,,0,0,0,0,0,0,11/28/1969,"-25,535.00",-69.96,,,
,,,,,,0,,,,,,,,,,,,1,,0,,0,0,0,0,0,0,11/28/1969,"-25,535.00",-69.96,,,
,,,,,,0,,,,,,,,,,,,1,,0,,0,0,0,0,0,0,11/28/1969,"-25,535.00",-69.96,,,
,,,,,,0,,,,,,,,,,,,1,,0,,0,0,0,0,0,0,11/28/1969,"-25,535.00",-69.96,,,
,,,,,,0,,,,,,,,,,,,1,,0,,0,0,0,0,0,0,11/28/1969,"-25,535.00",-69.96,,,
,,,,,,0,,,,,,,,,,,,1,,0,,0,0,0,0,0,0,11/28/1969,"-25,535.00",-69.96,,,
,,,,,,0,,,,,,,,,,,,1,,0,,0,0,0,0,0,0,11/28/1969,"-25,535.00",-69.96,,,
,,,,,,0,,,,,,,,,,,,1,,0,,0,0,0,0,0,0,11/28/1969,"-25,535.00",-69.96,,,
,,,,,,0,,,,,,,,,,,,1,,0,,0,0,0,0,0,0,11/28/1969,"-25,535.00",-69.96,,,
,,,,,,0,,,,,,,,,,,,1,,0,,0,0,0,0,0,0,11/28/1969,"-25,535.00",-69.96,,,
,,,,,,0,,,,,,,,,,,,1,,0,,0,0,0,0,0,0,11/28/1969,"-25,535.00",-69.96,,,
,,,,,,0,,,,,,,,,,,,1,,0,,0,0,0,0,0,0,11/28/1969,"-25,535.00",-69.96,,,
,,,,,,0,,,,,,,,,,,,1,,0,,0,0,0,0,0,0,11/28/1969,"-25,535.00",-69.96,,,
,,,,,,0,,,,,,,,,,,,1,,0,,0,0,0,0,0,0,11/28/1969,"-25,535.00",-69.96,,,
,,,,,,0,,,,,,,,,,,,1,,0,,0,0,0,0,0,0,11/28/1969,"-25,535.00",-69.96,,,
,,,,,,0,,,,,,,,,,,,1,,0,,0,0,0,0,0,0,11/28/1969,"-25,535.00",-69.96,,,
,,,,,,0,,,,,,,,,,,,1,,0,,0,0,0,0,0,0,11/28/1969,"-25,535.00",-69.96,,,
,,,,,,0,,,,,,,,,,,,1,,0,,0,0,0,0,0,0,11/28/1969,"-25,535.00",-69.96,,,
,,,,,,0,,,,,,,,,,,,1,,0,,0,0,0,0,0,0,11/28/1969,"-25,535.00",-69.96,,,
,,,,,,0,,,,,,,,,,,,1,,0,,0,0,0,0,0,0,11/28/1969,"-25,535.00",-69.96,,,
,,,,,,0,,,,,,,,,,,,1,,0,,0,0,0,0,0,0,11/28/1969,"-25,535.00",-69.96,,,
,,,,,,0,,,,,,,,,,,,1,,0,,0,0,0,0,0,0,11/28/1969,"-25,535.00",-69.96,,,
,,,,,,0,,,,,,,,,,,,1,,0,,0,0,0,0,0,0,11/28/1969,"-25,535.00",-69.96,,,
,,,,,,0,,,,,,,,,,,,1,,0,,0,0,0,0,0,0,11/28/1969,"-25,535.00",-69.96,,,
,,,,,,0,,,,,,,,,,,,1,,0,,0,0,0,0,0,0,11/28/1969,"-25,535.00",-69.96,,,
,,,,,,0,,,,,,,,,,,,1,,0,,0,0,0,0,0,0,11/28/1969,"-25,535.00",-69.96,,,
,,,,,,0,,,,,,,,,,,,1,,0,,0,0,0,0,0,0,11/28/1969,"-25,535.00",-69.96,,,
,,,,,,0,,,,,,,,,,,,1,,0,,0,0,0,0,0,0,11/28/1969,"-25,535.00",-69.96,,,
,,,,,,0,,,,,,,,,,,,1,,0,,0,0,0,0,0,0,11/28/1969,"-25,535.00",-69.96,,,
,,,,,,0,,,,,,,,,,,,1,,0,,0,0,0,0,0,0,11/28/1969,"-25,535.00",-69.96,,,
,,,,,,0,,,,,,,,,,,,1,,0,,0,0,0,0,0,0,11/28/1969,"-25,535.00",-69.96,,,
,,,,,,0,,,,,,,,,,,,1,,0,,0,0,0,0,0,0,11/28/1969,"-25,535.00",-69.96,,,
,,,,,,0,,,,,,,,,,,,1,,0,,0,0,0,0,0,0,11/28/1969,"-25,535.00",-69.96,,,
,,,,,,0,,,,,,,,,,,,1,,0,,0,0,0,0,0,0,11/28/1969,"-25,535.00",-69.96,,,
,,,,,,0,,,,,,,,,,,,1,,0,,0,0,0,0,0,0,11/28/1969,"-25,535.00",-69.96,,,
,,,,,,0,,,,,,,,,,,,1,,0,,0,0,0,0,0,0,11/28/1969,"-25,535.00",-69.96,,,
,,,,,,0,,,,,,,,,,,,1,,0,,0,0,0,0,0,0,11/28/1969,"-25,535.00",-69.96,,,
,,,,,,0,,,,,,,,,,,,1,,0,,0,0,0,0,0,0,11/28/1969,"-25,535.00",-69.96,,,
,,,,,,0,,,,,,,,,,,,1,,0,,0,0,0,0,0,0,11/28/1969,"-25,535.00",-69.96,,,
,,,,,,0,,,,,,,,,,,,1,,0,,0,0,0,0,0,0,11/28/1969,"-25,535.00",-69.96,,,
,,,,,,0,,,,,,,,,,,,1,,0,,0,0,0,0,0,0,11/28/1969,"-25,535.00",-69.96,,,
,,,,,,0,,,,,,,,,,,,1,,0,,0,0,0,0,0,0,11/28/1969,"-25,535.00",-69.96,,,
,,,,,,0,,,,,,,,,,,,1,,0,,0,0,0,0,0,0,11/28/1969,"-25,535.00",-69.96,,,
,,,,,,0,,,,,,,,,,,,1,,0,,0,0,0,0,0,0,11/28/1969,"-25,535.00",-69.96,,,
,,,,,,0,,,,,,,,,,,,1,,0,,0,0,0,0,0,0,11/28/1969,"-25,535.00",-69.96,,,
,,,,,,0,,,,,,,,,,,,1,,0,,0,0,0,0,0,0,11/28/1969,"-25,535.00",-69.96,,,
,,,,,,0,,,,,,,,,,,,1,,0,,0,0,0,0,0,0,11/28/1969,"-25,535.00",-69.96,,,
,,,,,,0,,,,,,,,,,,,1,,0,,0,0,0,0,0,0,11/28/1969,"-25,535.00",-69.96,,,
,,,,,,0,,,,,,,,,,,,1,,0,,0,0,0,0,0,0,11/28/1969,"-25,535.00",-69.96,,,
,,,,,,0,,,,,,,,,,,,1,,0,,0,0,0,0,0,0,11/28/1969,"-25,535.00",-69.96,,,
,,,,,,0,,,,,,,,,,,,1,,0,,0,0,0,0,0,0,11/28/1969,"-25,535.00",-69.96,,,
,,,,,,0,,,,,,,,,,,,1,,0,,0,0,0,0,0,0,11/28/1969,"-25,535.00",-69.96,,,
,,,,,,0,,,,,,,,,,,,1,,0,,0,0,0,0,0,0,11/28/1969,"-25,535.00",-69.96,,,
,,,,,,0,,,,,,,,,,,,1,,0,,0,0,0,0,0,0,11/28/1969,"-25,535.00",-69.96,,,
,,,,,,0,,,,,,,,,,,,1,,0,,0,0,0,0,0,0,11/28/1969,"-25,535.00",-69.96,,,
,,,,,,0,,,,,,,,,,,,1,,0,,0,0,0,0,0,0,11/28/1969,"-25,535.00",-69.96,,,
,,,,,,0,,,,,,,,,,,,1,,0,,0,0,0,0,0,0,11/28/1969,"-25,535.00",-69.96,,,
,,,,,,0,,,,,,,,,,,,1,,0,,0,0,0,0,0,0,11/28/1969,"-25,535.00",-69.96,,,
,,,,,,0,,,,,,,,,,,,1,,0,,0,0,0,0,0,0,11/28/1969,"-25,535.00",-69.96,,,
,,,,,,0,,,,,,,,,,,,1,,0,,0,0,0,0,0,0,11/28/1969,"-25,535.00",-69.96,,,
,,,,,,0,,,,,,,,,,,,1,,0,,0,0,0,0,0,0,11/28/1969,"-25,535.00",-69.96,,,
,,,,,,0,,,,,,,,,,,,1,,0,,0,0,0,0,0,0,11/28/1969,"-25,535.00",-69.96,,,
,,,,,,0,,,,,,,,,,,,1,,0,,0,0,0,0,0,0,11/28/1969,"-25,535.00",-69.96,,,
,,,,,,0,,,,,,,,,,,,1,,0,,0,0,0,0,0,0,11/28/1969,"-25,535.00",-69.96,,,
,,,,,,0,,,,,,,,,,,,1,,0,,0,0,0,0,0,0,11/28/1969,"-25,535.00",-69.96,,,
,,,,,,0,,,,,,,,,,,,1,,0,,0,0,0,0,0,0,11/28/1969,"-25,535.00",-69.96,,,
,,,,,,0,,,,,,,,,,,,1,,0,,0,0,0,0,0,0,11/28/1969,"-25,535.00",-69.96,,,
,,,,,,0,,,,,,,,,,,,1,,0,,0,0,0,0,0,0,11/28/1969,"-25,535.00",-69.96,,,
,,,,,,0,,,,,,,,,,,,1,,0,,0,0,0,0,0,0,11/28/1969,"-25,535.00",-69.96,,,
,,,,,,0,,,,,,,,,,,,1,,0,,0,0,0,0,0,0,11/28/1969,"-25,535.00",-69.96,,,
,,,,,,0,,,,,,,,,,,,1,,0,,0,0,0,0,0,0,11/28/1969,"-25,535.00",-69.96,,,
,,,,,,0,,,,,,,,,,,,1,,0,,0,0,0,0,0,0,11/28/1969,"-25,535.00",-69.96,,,
,,,,,,0,,,,,,,,,,,,1,,0,,0,0,0,0,0,0,11/28/1969,"-25,535.00",-69.96,,,
,,,,,,0,,,,,,,,,,,,1,,0,,0,0,0,0,0,0,11/28/1969,"-25,535.00",-69.96,,,
,,,,,,0,,,,,,,,,,,,1,,0,,0,0,0,0,0,0,11/28/1969,"-25,535.00",-69.96,,,
,,,,,,0,,,,,,,,,,,,1,,0,,0,0,0,0,0,0,11/28/1969,"-25,535.00",-69.96,,,
,,,,,,0,,,,,,,,,,,,1,,0,,0,0,0,0,0,0,11/28/1969,"-25,535.00",-69.96,,,
,,,,,,0,,,,,,,,,,,,1,,0,,0,0,0,0,0,0,11/28/1969,"-25,535.00",-69.96,,,
,,,,,,0,,,,,,,,,,,,1,,0,,0,0,0,0,0,0,11/28/1969,"-25,535.00",-69.96,,,
,,,,,,0,,,,,,,,,,,,1,,0,,0,0,0,0,0,0,11/28/1969,"-25,535.00",-69.96,,,
,,,,,,0,,,,,,,,,,,,1,,0,,0,0,0,0,0,0,11/28/1969,"-25,535.00",-69.96,,,
,,,,,,0,,,,,,,,,,,,1,,0,,0,0,0,0,0,0,11/28/1969,"-25,535.00",-69.96,,,
,,,,,,0,,,,,,,,,,,,1,,0,,0,0,0,0,0,0,11/28/1969,"-25,535.00",-69.96,,,
,,,,,,0,,,,,,,,,,,,1,,0,,0,0,0,0,0,0,11/28/1969,"-25,535.00",-69.96,,,
,,,,,,0,,,,,,,,,,,,1,,0,,0,0,0,0,0,0,11/28/1969,"-25,535.00",-69.96,,,
,,,,,,0,,,,,,,,,,,,1,,0,,0,0,0,0,0,0,11/28/1969,"-25,535.00",-69.96,,,
,,,,,,0,,,,,,,,,,,,1,,0,,0,0,0,0,0,0,11/28/1969,"-25,535.00",-69.96,,,
,,,,,,0,,,,,,,,,,,,1,,0,,0,0,0,0,0,0,11/28/1969,"-25,535.00",-69.96,,,
,,,,,,0,,,,,,,,,,,,1,,0,,0,0,0,0,0,0,11/28/1969,"-25,535.00",-69.96,,,
,,,,,,0,,,,,,,,,,,,1,,0,,0,0,0,0,0,0,11/28/1969,"-25,535.00",-69.96,,,
,,,,,,0,,,,,,,,,,,,1,,0,,0,0,0,0,0,0,11/28/1969,"-25,535.00",-69.96,,,
,,,,,,0,,,,,,,,,,,,1,,0,,0,0,0,0,0,0,11/28/1969,"-25,535.00",-69.96,,,
,,,,,,0,,,,,,,,,,,,1,,0,,0,0,0,0,0,0,11/28/1969,"-25,535.00",-69.96,,,
,,,,,,0,,,,,,,,,,,,1,,0,,0,0,0,0,0,0,11/28/1969,"-25,535.00",-69.96,,,
,,,,,,0,,,,,,,,,,,,1,,0,,0,0,0,0,0,0,11/28/1969,"-25,535.00",-69.96,,,
,,,,,,0,,,,,,,,,,,,1,,0,,0,0,0,0,0,0,11/28/1969,"-25,535.00",-69.96,,,
,,,,,,0,,,,,,,,,,,,1,,0,,0,0,0,0,0,0,11/28/1969,"-25,535.00",-69.96,,,
,,,,,,0,,,,,,,,,,,,1,,0,,0,0,0,0,0,0,11/28/1969,"-25,535.00",-69.96,,,
,,,,,,0,,,,,,,,,,,,1,,0,,0,0,0,0,0,0,11/28/1969,"-25,535.00",-69.96,,,
,,,,,,0,,,,,,,,,,,,1,,0,,0,0,0,0,0,0,11/28/1969,"-25,535.00",-69.96,,,
,,,,,,0,,,,,,,,,,,,1,,0,,0,0,0,0,0,0,11/28/1969,"-25,535.00",-69.96,,,
,,,,,,0,,,,,,,,,,,,1,,0,,0,0,0,0,0,0,11/28/1969,"-25,535.00",-69.96,,,
,,,,,,0,,,,,,,,,,,,1,,0,,0,0,0,0,0,0,11/28/1969,"-25,535.00",-69.96,,,
,,,,,,0,,,,,,,,,,,,1,,0,,0,0,0,0,0,0,11/28/1969,"-25,535.00",-69.96,,,
,,,,,,0,,,,,,,,,,,,1,,0,,0,0,0,0,0,0,11/28/1969,"-25,535.00",-69.96,,,
,,,,,,0,,,,,,,,,,,,1,,0,,0,0,0,0,0,0,11/28/1969,"-25,535.00",-69.96,,,
,,,,,,0,,,,,,,,,,,,1,,0,,0,0,0,0,0,0,11/28/1969,"-25,535.00",-69.96,,,
,,,,,,0,,,,,,,,,,,,1,,0,,0,0,0,0,0,0,11/28/1969,"-25,535.00",-69.96,,,
,,,,,,0,,,,,,,,,,,,1,,0,,0,0,0,0,0,0,11/28/1969,"-25,535.00",-69.96,,,
,,,,,,0,,,,,,,,,,,,1,,0,,0,0,0,0,0,0,11/28/1969,"-25,535.00",-69.96,,,
,,,,,,0,,,,,,,,,,,,1,,0,,0,0,0,0,0,0,11/28/1969,"-25,535.00",-69.96,,,
,,,,,,0,,,,,,,,,,,,1,,0,,0,0,0,0,0,0,11/28/1969,"-25,535.00",-69.96,,,
,,,,,,0,,,,,,,,,,,,1,,0,,0,0,0,0,0,0,11/28/1969,"-25,535.00",-69.96,,,
,,,,,,0,,,,,,,,,,,,1,,0,,0,0,0,0,0,0,11/28/1969,"-25,535.00",-69.96,,,
,,,,,,0,,,,,,,,,,,,1,,0,,0,0,0,0,0,0,11/28/1969,"-25,535.00",-69.96,,,
,,,,,,0,,,,,,,,,,,,1,,0,,0,0,0,0,0,0,11/28/1969,"-25,535.00",-69.96,,,
,,,,,,0,,,,,,,,,,,,1,,0,,0,0,0,0,0,0,11/28/1969,"-25,535.00",-69.96,,,
,,,,,,0,,,,,,,,,,,,1,,0,,0,0,0,0,0,0,11/28/1969,"-25,535.00",-69.96,,,
,,,,,,0,,,,,,,,,,,,1,,0,,0,0,0,0,0,0,11/28/1969,"-25,535.00",-69.96,,,
,,,,,,0,,,,,,,,,,,,1,,0,,0,0,0,0,0,0,11/28/1969,"-25,535.00",-69.96,,,
,,,,,,0,,,,,,,,,,,,1,,0,,0,0,0,0,0,0,11/28/1969,"-25,535.00",-69.96,,,
,,,,,,0,,,,,,,,,,,,1,,0,,0,0,0,0,0,0,11/28/1969,"-25,535.00",-69.96,,,
,,,,,,0,,,,,,,,,,,,1,,0,,0,0,0,0,0,0,11/28/1969,"-25,535.00",-69.96,,,
,,,,,,0,,,,,,,,,,,,1,,0,,0,0,0,0,0,0,11/28/1969,"-25,535.00",-69.96,,,
,,,,,,0,,,,,,,,,,,,1,,0,,0,0,0,0,0,0,11/28/1969,"-25,535.00",-69.96,,,
,,,,,,0,,,,,,,,,,,,1,,0,,0,0,0,0,0,0,11/28/1969,"-25,535.00",-69.96,,,
,,,,,,0,,,,,,,,,,,,1,,0,,0,0,0,0,0,0,11/28/1969,"-25,535.00",-69.96,,,
,,,,,,0,,,,,,,,,,,,1,,0,,0,0,0,0,0,0,11/28/1969,"-25,535.00",-69.96,,,
,,,,,,0,,,,,,,,,,,,1,,0,,0,0,0,0,0,0,11/28/1969,"-25,535.00",-69.96,,,
,,,,,,0,,,,,,,,,,,,1,,0,,0,0,0,0,0,0,11/28/1969,"-25,535.00",-69.96,,,
,,,,,,0,,,,,,,,,,,,1,,0,,0,0,0,0,0,0,11/28/1969,"-25,535.00",-69.96,,,
,,,,,,0,,,,,,,,,,,,1,,0,,0,0,0,0,0,0,11/28/1969,"-25,535.00",-69.96,,,
,,,,,,0,,,,,,,,,,,,1,,0,,0,0,0,0,0,0,11/28/1969,"-25,535.00",-69.96,,,
,,,,,,0,,,,,,,,,,,,1,,0,,0,0,0,0,0,0,11/28/1969,"-25,535.00",-69.96,,,
,,,,,,0,,,,,,,,,,,,1,,0,,0,0,0,0,0,0,11/28/1969,"-25,535.00",-69.96,,,
,,,,,,0,,,,,,,,,,,,1,,0,,0,0,0,0,0,0,11/28/1969,"-25,535.00",-69.96,,,
,,,,,,0,,,,,,,,,,,,1,,0,,0,0,0,0,0,0,11/28/1969,"-25,535.00",-69.96,,,
,,,,,,0,,,,,,,,,,,,1,,0,,0,0,0,0,0,0,11/28/1969,"-25,535.00",-69.96,,,
,,,,,,0,,,,,,,,,,,,1,,0,,0,0,0,0,0,0,11/28/1969,"-25,535.00",-69.96,,,
,,,,,,0,,,,,,,,,,,,1,,0,,0,0,0,0,0,0,11/28/1969,"-25,535.00",-69.96,,,
,,,,,,0,,,,,,,,,,,,1,,0,,0,0,0,0,0,0,11/28/1969,"-25,535.00",-69.96,,,
,,,,,,0,,,,,,,,,,,,1,,0,,0,0,0,0,0,0,11/28/1969,"-25,535.00",-69.96,,,
,,,,,,0,,,,,,,,,,,,1,,0,,0,0,0,0,0,0,11/28/1969,"-25,535.00",-69.96,,,
,,,,,,0,,,,,,,,,,,,1,,0,,0,0,0,0,0,0,11/28/1969,"-25,535.00",-69.96,,,
,,,,,,0,,,,,,,,,,,,1,,0,,0,0,0,0,0,0,11/28/1969,"-25,535.00",-69.96,,,
,,,,,,0,,,,,,,,,,,,1,,0,,0,0,0,0,0,0,11/28/1969,"-25,535.00",-69.96,,,
,,,,,,0,,,,,,,,,,,,1,,0,,0,0,0,0,0,0,11/28/1969,"-25,535.00",-69.96,,,
,,,,,,0,,,,,,,,,,,,1,,0,,0,0,0,0,0,0,11/28/1969,"-25,535.00",-69.96,,,
,,,,,,0,,,,,,,,,,,,1,,0,,0,0,0,0,0,0,11/28/1969,"-25,535.00",-69.96,,,
,,,,,,0,,,,,,,,,,,,1,,0,,0,0,0,0,0,0,11/28/1969,"-25,535.00",-69.96,,,
,,,,,,0,,,,,,,,,,,,1,,0,,0,0,0,0,0,0,11/28/1969,"-25,535.00",-69.96,,,
,,,,,,0,,,,,,,,,,,,1,,0,,0,0,0,0,0,0,11/28/1969,"-25,535.00",-69.96,,,
,,,,,,0,,,,,,,,,,,,1,,0,,0,0,0,0,0,0,11/28/1969,"-25,535.00",-69.96,,,
,,,,,,0,,,,,,,,,,,,1,,0,,0,0,0,0,0,0,11/28/1969,"-25,535.00",-69.96,,,
,,,,,,0,,,,,,,,,,,,1,,0,,0,0,0,0,0,0,11/28/1969,"-25,535.00",-69.96,,,
,,,,,,0,,,,,,,,,,,,1,,0,,0,0,0,0,0,0,11/28/1969,"-25,535.00",-69.96,,,
,,,,,,0,,,,,,,,,,,,1,,0,,0,0,0,0,0,0,11/28/1969,"-25,535.00",-69.96,,,
,,,,,,0,,,,,,,,,,,,1,,0,,0,0,0,0,0,0,11/28/1969,"-25,535.00",-69.96,,,
,,,,,,0,,,,,,,,,,,,1,,0,,0,0,0,0,0,0,11/28/1969,"-25,535.00",-69.96,,,
,,,,,,0,,,,,,,,,,,,1,,0,,0,0,0,0,0,0,11/28/1969,"-25,535.00",-69.96,,,
,,,,,,0,,,,,,,,,,,,1,,0,,0,0,0,0,0,0,11/28/1969,"-25,535.00",-69.96,,,
,,,,,,0,,,,,,,,,,,,1,,0,,0,0,0,0,0,0,11/28/1969,"-25,535.00",-69.96,,,
,,,,,,0,,,,,,,,,,,,1,,0,,0,0,0,0,0,0,11/28/1969,"-25,535.00",-69.96,,,
,,,,,,0,,,,,,,,,,,,1,,0,,0,0,0,0,0,0,11/28/1969,"-25,535.00",-69.96,,,
,,,,,,0,,,,,,,,,,,,1,,0,,0,0,0,0,0,0,11/28/1969,"-25,535.00",-69.96,,,
,,,,,,0,,,,,,,,,,,,1,,0,,0,0,0,0,0,0,11/28/1969,"-25,535.00",-69.96,,,
,,,,,,0,,,,,,,,,,,,1,,0,,0,0,0,0,0,0,11/28/1969,"-25,535.00",-69.96,,,
,,,,,,0,,,,,,,,,,,,1,,0,,0,0,0,0,0,0,11/28/1969,"-25,535.00",-69.96,,,
,,,,,,0,,,,,,,,,,,,1,,0,,0,0,0,0,0,0,11/28/1969,"-25,535.00",-69.96,,,
,,,,,,0,,,,,,,,,,,,1,,0,,0,0,0,0,0,0,11/28/1969,"-25,535.00",-69.96,,,
,,,,,,0,,,,,,,,,,,,1,,0,,0,0,0,0,0,0,11/28/1969,"-25,535.00",-69.96,,,
,,,,,,0,,,,,,,,,,,,1,,0,,0,0,0,0,0,0,11/28/1969,"-25,535.00",-69.96,,,
,,,,,,0,,,,,,,,,,,,1,,0,,0,0,0,0,0,0,11/28/1969,"-25,535.00",-69.96,,,
,,,,,,0,,,,,,,,,,,,1,,0,,0,0,0,0,0,0,11/28/1969,"-25,535.00",-69.96,,,
,,,,,,0,,,,,,,,,,,,1,,0,,0,0,0,0,0,0,11/28/1969,"-25,535.00",-69.96,,,
,,,,,,0,,,,,,,,,,,,1,,0,,0,0,0,0,0,0,11/28/1969,"-25,535.00",-69.96,,,
,,,,,,0,,,,,,,,,,,,1,,0,,0,0,0,0,0,0,11/28/1969,"-25,535.00",-69.96,,,
,,,,,,0,,,,,,,,,,,,1,,0,,0,0,0,0,0,0,11/28/1969,"-25,535.00",-69.96,,,
,,,,,,0,,,,,,,,,,,,1,,0,,0,0,0,0,0,0,11/28/1969,"-25,535.00",-69.96,,,
,,,,,,0,,,,,,,,,,,,1,,0,,0,0,0,0,0,0,11/28/1969,"-25,535.00",-69.96,,,
,,,,,,0,,,,,,,,,,,,1,,0,,0,0,0,0,0,0,11/28/1969,"-25,535.00",-69.96,,,
,,,,,,0,,,,,,,,,,,,1,,0,,0,0,0,0,0,0,11/28/1969,"-25,535.00",-69.96,,,
,,,,,,0,,,,,,,,,,,,1,,0,,0,0,0,0,0,0,11/28/1969,"-25,535.00",-69.96,,,
,,,,,,0,,,,,,,,,,,,1,,0,,0,0,0,0,0,0,11/28/1969,"-25,535.00",-69.96,,,
,,,,,,0,,,,,,,,,,,,1,,0,,0,0,0,0,0,0,11/28/1969,"-25,535.00",-69.96,,,
,,,,,,0,,,,,,,,,,,,1,,0,,0,0,0,0,0,0,11/28/1969,"-25,535.00",-69.96,,,
,,,,,,0,,,,,,,,,,,,1,,0,,0,0,0,0,0,0,11/28/1969,"-25,535.00",-69.96,,,
,,,,,,0,,,,,,,,,,,,1,,0,,0,0,0,0,0,0,11/28/1969,"-25,535.00",-69.96,,,
,,,,,,0,,,,,,,,,,,,1,,0,,0,0,0,0,0,0,11/28/1969,"-25,535.00",-69.96,,,
,,,,,,0,,,,,,,,,,,,1,,0,,0,0,0,0,0,0,11/28/1969,"-25,535.00",-69.96,,,
,,,,,,0,,,,,,,,,,,,1,,0,,0,0,0,0,0,0,11/28/1969,"-25,535.00",-69.96,,,
,,,,,,0,,,,,,,,,,,,1,,0,,0,0,0,0,0,0,11/28/1969,"-25,535.00",-69.96,,,
,,,,,,0,,,,,,,,,,,,1,,0,,0,0,0,0,0,0,11/28/1969,"-25,535.00",-69.96,,,
,,,,,,0,,,,,,,,,,,,1,,0,,0,0,0,0,0,0,11/28/1969,"-25,535.00",-69.96,,,
,,,,,,0,,,,,,,,,,,,1,,0,,0,0,0,0,0,0,11/28/1969,"-25,535.00",-69.96,,,
,,,,,,0,,,,,,,,,,,,1,,0,,0,0,0,0,0,0,11/28/1969,"-25,535.00",-69.96,,,
,,,,,,0,,,,,,,,,,,,1,,0,,0,0,0,0,0,0,11/28/1969,"-25,535.00",-69.96,,,
,,,,,,0,,,,,,,,,,,,1,,0,,0,0,0,0,0,0,11/28/1969,"-25,535.00",-69.96,,,
,,,,,,0,,,,,,,,,,,,1,,0,,0,0,0,0,0,0,11/28/1969,"-25,535.00",-69.96,,,
,,,,,,0,,,,,,,,,,,,1,,0,,0,0,0,0,0,0,11/28/1969,"-25,535.00",-69.96,,,
,,,,,,0,,,,,,,,,,,,1,,0,,0,0,0,0,0,0,11/28/1969,"-25,535.00",-69.96,,,
,,,,,,0,,,,,,,,,,,,1,,0,,0,0,0,0,0,0,11/28/1969,"-25,535.00",-69.96,,,
,,,,,,0,,,,,,,,,,,,1,,0,,0,0,0,0,0,0,11/28/1969,"-25,535.00",-69.96,,,
,,,,,,0,,,,,,,,,,,,1,,0,,0,0,0,0,0,0,11/28/1969,"-25,535.00",-69.96,,,
,,,,,,0,,,,,,,,,,,,1,,0,,0,0,0,0,0,0,11/28/1969,"-25,535.00",-69.96,,,
,,,,,,0,,,,,,,,,,,,1,,0,,0,0,0,0,0,0,11/28/1969,"-25,535.00",-69.96,,,
,,,,,,0,,,,,,,,,,,,1,,0,,0,0,0,0,0,0,11/28/1969,"-25,535.00",-69.96,,,
,,,,,,0,,,,,,,,,,,,1,,0,,0,0,0,0,0,0,11/28/1969,"-25,535.00",-69.96,,,
,,,,,,0,,,,,,,,,,,,1,,0,,0,0,0,0,0,0,11/28/1969,"-25,535.00",-69.96,,,
,,,,,,0,,,,,,,,,,,,1,,0,,0,0,0,0,0,0,11/28/1969,"-25,535.00",-69.96,,,
,,,,,,0,,,,,,,,,,,,1,,0,,0,0,0,0,0,0,11/28/1969,"-25,535.00",-69.96,,,
,,,,,,0,,,,,,,,,,,,1,,0,,0,0,0,0,0,0,11/28/1969,"-25,535.00",-69.96,,,
,,,,,,0,,,,,,,,,,,,1,,0,,0,0,0,0,0,0,11/28/1969,"-25,535.00",-69.96,,,
,,,,,,0,,,,,,,,,,,,1,,0,,0,0,0,0,0,0,11/28/1969,"-25,535.00",-69.96,,,
,,,,,,0,,,,,,,,,,,,1,,0,,0,0,0,0,0,0,11/28/1969,"-25,535.00",-69.96,,,
,,,,,,0,,,,,,,,,,,,1,,0,,0,0,0,0,0,0,11/28/1969,"-25,535.00",-69.96,,,
,,,,,,0,,,,,,,,,,,,1,,0,,0,0,0,0,0,0,11/28/1969,"-25,535.00",-69.96,,,
,,,,,,0,,,,,,,,,,,,1,,0,,0,0,0,0,0,0,11/28/1969,"-25,535.00",-69.96,,,
,,,,,,0,,,,,,,,,,,,1,,0,,0,0,0,0,0,0,11/28/1969,"-25,535.00",-69.96,,,
,,,,,,0,,,,,,,,,,,,1,,0,,0,0,0,0,0,0,11/28/1969,"-25,535.00",-69.96,,,
,,,,,,0,,,,,,,,,,,,1,,0,,0,0,0,0,0,0,11/28/1969,"-25,535.00",-69.96,,,
,,,,,,0,,,,,,,,,,,,1,,0,,0,0,0,0,0,0,11/28/1969,"-25,535.00",-69.96,,,
,,,,,,0,,,,,,,,,,,,1,,0,,0,0,0,0,0,0,11/28/1969,"-25,535.00",-69.96,,,
,,,,,,0,,,,,,,,,,,,1,,0,,0,0,0,0,0,0,11/28/1969,"-25,535.00",-69.96,,,
,,,,,,0,,,,,,,,,,,,1,,0,,0,0,0,0,0,0,11/28/1969,"-25,535.00",-69.96,,,
,,,,,,0,,,,,,,,,,,,1,,0,,0,0,0,0,0,0,11/28/1969,"-25,535.00",-69.96,,,
,,,,,,0,,,,,,,,,,,,1,,0,,0,0,0,0,0,0,11/28/1969,"-25,535.00",-69.96,,,
,,,,,,0,,,,,,,,,,,,1,,0,,0,0,0,0,0,0,11/28/1969,"-25,535.00",-69.96,,,
,,,,,,0,,,,,,,,,,,,1,,0,,0,0,0,0,0,0,11/28/1969,"-25,535.00",-69.96,,,
,,,,,,0,,,,,,,,,,,,1,,0,,0,0,0,0,0,0,11/28/1969,"-25,535.00",-69.96,,,
,,,,,,0,,,,,,,,,,,,1,,0,,0,0,0,0,0,0,11/28/1969,"-25,535.00",-69.96,,,
,,,,,,0,,,,,,,,,,,,1,,0,,0,0,0,0,0,0,11/28/1969,"-25,535.00",-69.96,,,
,,,,,,0,,,,,,,,,,,,1,,0,,0,0,0,0,0,0,11/28/1969,"-25,535.00",-69.96,,,
,,,,,,0,,,,,,,,,,,,1,,0,,0,0,0,0,0,0,11/28/1969,"-25,535.00",-69.96,,,
,,,,,,0,,,,,,,,,,,,1,,0,,0,0,0,0,0,0,11/28/1969,"-25,535.00",-69.96,,,
,,,,,,0,,,,,,,,,,,,1,,0,,0,0,0,0,0,0,11/28/1969,"-25,535.00",-69.96,,,
,,,,,,0,,,,,,,,,,,,1,,0,,0,0,0,0,0,0,11/28/1969,"-25,535.00",-69.96,,,
,,,,,,0,,,,,,,,,,,,1,,0,,0,0,0,0,0,0,11/28/1969,"-25,535.00",-69.96,,,
,,,,,,0,,,,,,,,,,,,1,,0,,0,0,0,0,0,0,11/28/1969,"-25,535.00",-69.96,,,
,,,,,,0,,,,,,,,,,,,1,,0,,0,0,0,0,0,0,11/28/1969,"-25,535.00",-69.96,,,
,,,,,,0,,,,,,,,,,,,1,,0,,0,0,0,0,0,0,11/28/1969,"-25,535.00",-69.96,,,
,,,,,,0,,,,,,,,,,,,1,,0,,0,0,0,0,0,0,11/28/1969,"-25,535.00",-69.96,,,
,,,,,,0,,,,,,,,,,,,1,,0,,0,0,0,0,0,0,11/28/1969,"-25,535.00",-69.96,,,
,,,,,,0,,,,,,,,,,,,1,,0,,0,0,0,0,0,0,11/28/1969,"-25,535.00",-69.96,,,
,,,,,,0,,,,,,,,,,,,1,,0,,0,0,0,0,0,0,11/28/1969,"-25,535.00",-69.96,,,
,,,,,,0,,,,,,,,,,,,1,,0,,0,0,0,0,0,0,11/28/1969,"-25,535.00",-69.96,,,
,,,,,,0,,,,,,,,,,,,1,,0,,0,0,0,0,0,0,11/28/1969,"-25,535.00",-69.96,,,
,,,,,,0,,,,,,,,,,,,1,,0,,0,0,0,0,0,0,11/28/1969,"-25,535.00",-69.96,,,
,,,,,,0,,,,,,,,,,,,1,,0,,0,0,0,0,0,0,11/28/1969,"-25,535.00",-69.96,,,
,,,,,,0,,,,,,,,,,,,1,,0,,0,0,0,0,0,0,11/28/1969,"-25,535.00",-69.96,,,
,,,,,,0,,,,,,,,,,,,1,,0,,0,0,0,0,0,0,11/28/1969,"-25,535.00",-69.96,,,
,,,,,,0,,,,,,,,,,,,1,,0,,0,0,0,0,0,0,11/28/1969,"-25,535.00",-69.96,,,
,,,,,,0,,,,,,,,,,,,1,,0,,0,0,0,0,0,0,11/28/1969,"-25,535.00",-69.96,,,
,,,,,,0,,,,,,,,,,,,1,,0,,0,0,0,0,0,0,11/28/1969,"-25,535.00",-69.96,,,
,,,,,,0,,,,,,,,,,,,1,,0,,0,0,0,0,0,0,11/28/1969,"-25,535.00",-69.96,,,
,,,,,,0,,,,,,,,,,,,1,,0,,0,0,0,0,0,0,11/28/1969,"-25,535.00",-69.96,,,
,,,,,,0,,,,,,,,,,,,1,,0,,0,0,0,0,0,0,11/28/1969,"-25,535.00",-69.96,,,
,,,,,,0,,,,,,,,,,,,1,,0,,0,0,0,0,0,0,11/28/1969,"-25,535.00",-69.96,,,
,,,,,,0,,,,,,,,,,,,1,,0,,0,0,0,0,0,0,11/28/1969,"-25,535.00",-69.96,,,
,,,,,,0,,,,,,,,,,,,1,,0,,0,0,0,0,0,0,11/28/1969,"-25,535.00",-69.96,,,
,,,,,,0,,,,,,,,,,,,1,,0,,0,0,0,0,0,0,11/28/1969,"-25,535.00",-69.96,,,
,,,,,,0,,,,,,,,,,,,1,,0,,0,0,0,0,0,0,11/28/1969,"-25,535.00",-69.96,,,
,,,,,,0,,,,,,,,,,,,1,,0,,0,0,0,0,0,0,11/28/1969,"-25,535.00",-69.96,,,
,,,,,,0,,,,,,,,,,,,1,,0,,0,0,0,0,0,0,11/28/1969,"-25,535.00",-69.96,,,
,,,,,,0,,,,,,,,,,,,1,,0,,0,0,0,0,0,0,11/28/1969,"-25,535.00",-69.96,,,
,,,,,,0,,,,,,,,,,,,1,,0,,0,0,0,0,0,0,11/28/1969,"-25,535.00",-69.96,,,
,,,,,,0,,,,,,,,,,,,1,,0,,0,0,0,0,0,0,11/28/1969,"-25,535.00",-69.96,,,
,,,,,,0,,,,,,,,,,,,1,,0,,0,0,0,0,0,0,11/28/1969,"-25,535.00",-69.96,,,
,,,,,,0,,,,,,,,,,,,1,,0,,0,0,0,0,0,0,11/28/1969,"-25,535.00",-69.96,,,
,,,,,,0,,,,,,,,,,,,1,,0,,0,0,0,0,0,0,11/28/1969,"-25,535.00",-69.96,,,
,,,,,,0,,,,,,,,,,,,1,,0,,0,0,0,0,0,0,11/28/1969,"-25,535.00",-69.96,,,
,,,,,,0,,,,,,,,,,,,1,,0,,0,0,0,0,0,0,11/28/1969,"-25,535.00",-69.96,,,
,,,,,,0,,,,,,,,,,,,1,,0,,0,0,0,0,0,0,11/28/1969,"-25,535.00",-69.96,,,
,,,,,,0,,,,,,,,,,,,1,,0,,0,0,0,0,0,0,11/28/1969,"-25,535.00",-69.96,,,
,,,,,,0,,,,,,,,,,,,1,,0,,0,0,0,0,0,0,11/28/1969,"-25,535.00",-69.96,,,
,,,,,,0,,,,,,,,,,,,1,,0,,0,0,0,0,0,0,11/28/1969,"-25,535.00",-69.96,,,
,,,,,,0,,,,,,,,,,,,1,,0,,0,0,0,0,0,0,11/28/1969,"-25,535.00",-69.96,,,
,,,,,,0,,,,,,,,,,,,1,,0,,0,0,0,0,0,0,11/28/1969,"-25,535.00",-69.96,,,
,,,,,,0,,,,,,,,,,,,1,,0,,0,0,0,0,0,0,11/28/1969,"-25,535.00",-69.96,,,
,,,,,,0,,,,,,,,,,,,1,,0,,0,0,0,0,0,0,11/28/1969,"-25,535.00",-69.96,,,
,,,,,,0,,,,,,,,,,,,1,,0,,0,0,0,0,0,0,11/28/1969,"-25,535.00",-69.96,,,
,,,,,,0,,,,,,,,,,,,1,,0,,0,0,0,0,0,0,11/28/1969,"-25,535.00",-69.96,,,
,,,,,,0,,,,,,,,,,,,1,,0,,0,0,0,0,0,0,11/28/1969,"-25,535.00",-69.96,,,
,,,,,,0,,,,,,,,,,,,1,,0,,0,0,0,0,0,0,11/28/1969,"-25,535.00",-69.96,,,
,,,,,,0,,,,,,,,,,,,1,,0,,0,0,0,0,0,0,11/28/1969,"-25,535.00",-69.96,,,
,,,,,,0,,,,,,,,,,,,1,,0,,0,0,0,0,0,0,11/28/1969,"-25,535.00",-69.96,,,
,,,,,,0,,,,,,,,,,,,1,,0,,0,0,0,0,0,0,11/28/1969,"-25,535.00",-69.96,,,
,,,,,,0,,,,,,,,,,,,1,,0,,0,0,0,0,0,0,11/28/1969,"-25,535.00",-69.96,,,
,,,,,,0,,,,,,,,,,,,1,,0,,0,0,0,0,0,0,11/28/1969,"-25,535.00",-69.96,,,
,,,,,,0,,,,,,,,,,,,1,,0,,0,0,0,0,0,0,11/28/1969,"-25,535.00",-69.96,,,
,,,,,,0,,,,,,,,,,,,1,,0,,0,0,0,0,0,0,11/28/1969,"-25,535.00",-69.96,,,
,,,,,,0,,,,,,,,,,,,1,,0,,0,0,0,0,0,0,11/28/1969,"-25,535.00",-69.96,,,
,,,,,,0,,,,,,,,,,,,1,,0,,0,0,0,0,0,0,11/28/1969,"-25,535.00",-69.96,,,
,,,,,,0,,,,,,,,,,,,1,,0,,0,0,0,0,0,0,11/28/1969,"-25,535.00",-69.96,,,
,,,,,,0,,,,,,,,,,,,1,,0,,0,0,0,0,0,0,11/28/1969,"-25,535.00",-69.96,,,
,,,,,,0,,,,,,,,,,,,1,,0,,0,0,0,0,0,0,11/28/1969,"-25,535.00",-69.96,,,
,,,,,,0,,,,,,,,,,,,1,,0,,0,0,0,0,0,0,11/28/1969,"-25,535.00",-69.96,,,
,,,,,,0,,,,,,,,,,,,1,,0,,0,0,0,0,0,0,11/28/1969,"-25,535.00",-69.96,,,
,,,,,,0,,,,,,,,,,,,1,,0,,0,0,0,0,0,0,11/28/1969,"-25,535.00",-69.96,,,
,,,,,,0,,,,,,,,,,,,1,,0,,0,0,0,0,0,0,11/28/1969,"-25,535.00",-69.96,,,
,,,,,,0,,,,,,,,,,,,1,,0,,0,0,0,0,0,0,11/28/1969,"-25,535.00",-69.96,,,
,,,,,,0,,,,,,,,,,,,1,,0,,0,0,0,0,0,0,11/28/1969,"-25,535.00",-69.96,,,
,,,,,,0,,,,,,,,,,,,1,,0,,0,0,0,0,0,0,11/28/1969,"-25,535.00",-69.96,,,
,,,,,,0,,,,,,,,,,,,1,,0,,0,0,0,0,0,0,11/28/1969,"-25,535.00",-69.96,,,
,,,,,,0,,,,,,,,,,,,1,,0,,0,0,0,0,0,0,11/28/1969,"-25,535.00",-69.96,,,
,,,,,,0,,,,,,,,,,,,1,,0,,0,0,0,0,0,0,11/28/1969,"-25,535.00",-69.96,,,
,,,,,,0,,,,,,,,,,,,1,,0,,0,0,0,0,0,0,11/28/1969,"-25,535.00",-69.96,,,
,,,,,,0,,,,,,,,,,,,1,,0,,0,0,0,0,0,0,11/28/1969,"-25,535.00",-69.96,,,
,,,,,,0,,,,,,,,,,,,1,,0,,0,0,0,0,0,0,11/28/1969,"-25,535.00",-69.96,,,
,,,,,,0,,,,,,,,,,,,1,,0,,0,0,0,0,0,0,11/28/1969,"-25,535.00",-69.96,,,
,,,,,,0,,,,,,,,,,,,1,,0,,0,0,0,0,0,0,11/28/1969,"-25,535.00",-69.96,,,
,,,,,,0,,,,,,,,,,,,1,,0,,0,0,0,0,0,0,11/28/1969,"-25,535.00",-69.96,,,
,,,,,,0,,,,,,,,,,,,1,,0,,0,0,0,0,0,0,11/28/1969,"-25,535.00",-69.96,,,
,,,,,,0,,,,,,,,,,,,1,,0,,0,0,0,0,0,0,11/28/1969,"-25,535.00",-69.96,,,
,,,,,,0,,,,,,,,,,,,1,,0,,0,0,0,0,0,0,11/28/1969,"-25,535.00",-69.96,,,
,,,,,,0,,,,,,,,,,,,1,,0,,0,0,0,0,0,0,11/28/1969,"-25,535.00",-69.96,,,
,,,,,,0,,,,,,,,,,,,1,,0,,0,0,0,0,0,0,11/28/1969,"-25,535.00",-69.96,,,
,,,,,,0,,,,,,,,,,,,1,,0,,0,0,0,0,0,0,11/28/1969,"-25,535.00",-69.96,,,
,,,,,,0,,,,,,,,,,,,1,,0,,0,0,0,0,0,0,11/28/1969,"-25,535.00",-69.96,,,
,,,,,,0,,,,,,,,,,,,1,,0,,0,0,0,0,0,0,11/28/1969,"-25,535.00",-69.96,,,
,,,,,,0,,,,,,,,,,,,1,,0,,0,0,0,0,0,0,11/28/1969,"-25,535.00",-69.96,,,
,,,,,,0,,,,,,,,,,,,1,,0,,0,0,0,0,0,0,11/28/1969,"-25,535.00",-69.96,,,
,,,,,,0,,,,,,,,,,,,1,,0,,0,0,0,0,0,0,11/28/1969,"-25,535.00",-69.96,,,
,,,,,,0,,,,,,,,,,,,1,,0,,0,0,0,0,0,0,11/28/1969,"-25,535.00",-69.96,,,
,,,,,,0,,,,,,,,,,,,1,,0,,0,0,0,0,0,0,11/28/1969,"-25,535.00",-69.96,,,
,,,,,,0,,,,,,,,,,,,1,,0,,0,0,0,0,0,0,11/28/1969,"-25,535.00",-69.96,,,
,,,,,,0,,,,,,,,,,,,1,,0,,0,0,0,0,0,0,11/28/1969,"-25,535.00",-69.96,,,
,,,,,,0,,,,,,,,,,,,1,,0,,0,0,0,0,0,0,11/28/1969,"-25,535.00",-69.96,,,
,,,,,,0,,,,,,,,,,,,1,,0,,0,0,0,0,0,0,11/28/1969,"-25,535.00",-69.96,,,
,,,,,,0,,,,,,,,,,,,1,,0,,0,0,0,0,0,0,11/28/1969,"-25,535.00",-69.96,,,
,,,,,,0,,,,,,,,,,,,1,,0,,0,0,0,0,0,0,11/28/1969,"-25,535.00",-69.96,,,
,,,,,,0,,,,,,,,,,,,1,,0,,0,0,0,0,0,0,11/28/1969,"-25,535.00",-69.96,,,
,,,,,,0,,,,,,,,,,,,1,,0,,0,0,0,0,0,0,11/28/1969,"-25,535.00",-69.96,,,
,,,,,,0,,,,,,,,,,,,1,,0,,0,0,0,0,0,0,11/28/1969,"-25,535.00",-69.96,,,
,,,,,,0,,,,,,,,,,,,1,,0,,0,0,0,0,0,0,11/28/1969,"-25,535.00",-69.96,,,
,,,,,,0,,,,,,,,,,,,1,,0,,0,0,0,0,0,0,11/28/1969,"-25,535.00",-69.96,,,
,,,,,,0,,,,,,,,,,,,1,,0,,0,0,0,0,0,0,11/28/1969,"-25,535.00",-69.96,,,
,,,,,,0,,,,,,,,,,,,1,,0,,0,0,0,0,0,0,11/28/1969,"-25,535.00",-69.96,,,
,,,,,,0,,,,,,,,,,,,1,,0,,0,0,0,0,0,0,11/28/1969,"-25,535.00",-69.96,,,
,,,,,,0,,,,,,,,,,,,1,,0,,0,0,0,0,0,0,11/28/1969,"-25,535.00",-69.96,,,
,,,,,,0,,,,,,,,,,,,1,,0,,0,0,0,0,0,0,11/28/1969,"-25,535.00",-69.96,,,
,,,,,,0,,,,,,,,,,,,1,,0,,0,0,0,0,0,0,11/28/1969,"-25,535.00",-69.96,,,